root@hvectordb1233:/usr/local/src/mariadb-12.3.3/build_tmp_dir# make -j4
[  0%] Building CXX object tpool/CMakeFiles/tpool_common.dir/tpool_generic.cc.o
[  0%] Building C object extra/readline/CMakeFiles/readline.dir/readline.c.o
[  0%] Building C object wsrep-lib/wsrep-API/CMakeFiles/wsrep_api_v26.dir/v26/wsrep_dummy.c.o
[  0%] Built target abi_check
[  0%] Building C object strings/CMakeFiles/uca-dump.dir/uca-dump.c.o
[  0%] Building C object wsrep-lib/wsrep-API/CMakeFiles/wsrep_api_v26.dir/v26/wsrep_gtid.c.o
[  0%] Building C object extra/readline/CMakeFiles/readline.dir/funmap.c.o
[  0%] Building C object wsrep-lib/wsrep-API/CMakeFiles/wsrep_api_v26.dir/v26/wsrep_loader.c.o
[  0%] Building C object extra/readline/CMakeFiles/readline.dir/keymaps.c.o
[  0%] Building C object extra/readline/CMakeFiles/readline.dir/vi_mode.c.o
[  0%] Building C object wsrep-lib/wsrep-API/CMakeFiles/wsrep_api_v26.dir/v26/wsrep_uuid.c.o
[  0%] Linking C static library libwsrep_api_v26.a
[  0%] Built target wsrep_api_v26
[  0%] Building C object libmariadb/CMakeFiles/dialog.dir/plugins/auth/dialog.c.o
[  0%] Linking C executable uca-dump
[  0%] Built target uca-dump
[  0%] Building C object libmariadb/CMakeFiles/ed25519_ref10.dir/plugins/auth/ref10/fe_0.c.o
[  0%] Building C object libmariadb/CMakeFiles/ed25519_ref10.dir/plugins/auth/ref10/fe_isnegative.c.o
[  1%] Building C object libmariadb/CMakeFiles/dialog.dir/libmariadb/get_password.c.o
[  1%] Building C object libmariadb/CMakeFiles/ed25519_ref10.dir/plugins/auth/ref10/fe_sub.c.o
[  2%] Building C object libmariadb/CMakeFiles/ed25519_ref10.dir/plugins/auth/ref10/ge_p1p1_to_p2.c.o
[  2%] Building C object libmariadb/CMakeFiles/ed25519_ref10.dir/plugins/auth/ref10/ge_p3_to_cached.c.o
[  2%] Linking C shared module dialog.so
[  2%] Building C object libmariadb/CMakeFiles/ed25519_ref10.dir/plugins/auth/ref10/open.c.o
[  2%] Built target dialog
[  2%] Building C object libmariadb/CMakeFiles/caching_sha2_password.dir/plugins/auth/caching_sha2_pw.c.o
[  2%] Building C object libmariadb/CMakeFiles/ed25519_ref10.dir/plugins/auth/ref10/fe_1.c.o
[  2%] Building C object extra/readline/CMakeFiles/readline.dir/parens.c.o
[  2%] Building C object libmariadb/CMakeFiles/ed25519_ref10.dir/plugins/auth/ref10/fe_isnonzero.c.o
[  2%] Building C object libmariadb/CMakeFiles/ed25519_ref10.dir/plugins/auth/ref10/fe_tobytes.c.o
[  2%] Building C object extra/readline/CMakeFiles/readline.dir/rltty.c.o
[  2%] Building C object libmariadb/CMakeFiles/ed25519_ref10.dir/plugins/auth/ref10/ge_p1p1_to_p3.c.o
[  2%] Building C object libmariadb/CMakeFiles/ed25519_ref10.dir/plugins/auth/ref10/ge_p3_to_p2.c.o
[  2%] Building C object libmariadb/CMakeFiles/caching_sha2_password.dir/libmariadb/secure/openssl_crypt.c.o
[  2%] Building C object libmariadb/CMakeFiles/ed25519_ref10.dir/plugins/auth/ref10/sc_muladd.c.o
[  2%] Building C object extra/readline/CMakeFiles/readline.dir/complete.c.o
[  2%] Linking C shared module caching_sha2_password.so
[  2%] Built target caching_sha2_password
[  2%] Building C object libmariadb/CMakeFiles/sha256_password.dir/plugins/auth/sha256_pw.c.o
[  2%] Building C object libmariadb/CMakeFiles/ed25519_ref10.dir/plugins/auth/ref10/fe_add.c.o
[  2%] Building C object libmariadb/CMakeFiles/ed25519_ref10.dir/plugins/auth/ref10/fe_mul.c.o
[  2%] Linking C shared module sha256_password.so
[  3%] Building CXX object tpool/CMakeFiles/tpool_common.dir/task_group.cc.o
[  3%] Building C object libmariadb/CMakeFiles/ed25519_ref10.dir/plugins/auth/ref10/ge_add.c.o
[  3%] Built target sha256_password
[  3%] Building C object libmariadb/CMakeFiles/ed25519_ref10.dir/plugins/auth/ref10/ge_p2_0.c.o
[  3%] Building C object libmariadb/CMakeFiles/parsec.dir/plugins/auth/parsec.c.o
[  3%] Building C object libmariadb/CMakeFiles/ed25519_ref10.dir/plugins/auth/ref10/ge_precomp_0.c.o
[  3%] Building C object libmariadb/CMakeFiles/ed25519_ref10.dir/plugins/auth/ref10/sc_reduce.c.o
[  3%] Building C object extra/readline/CMakeFiles/readline.dir/bind.c.o
[  3%] Building C object libmariadb/CMakeFiles/parsec.dir/libmariadb/secure/openssl_crypt.c.o
[  3%] Building C object libmariadb/CMakeFiles/ed25519_ref10.dir/plugins/auth/ref10/fe_cmov.c.o
[  3%] Linking C shared module parsec.so
[  3%] Building C object libmariadb/CMakeFiles/ed25519_ref10.dir/plugins/auth/ref10/fe_neg.c.o
[  3%] Building C object libmariadb/CMakeFiles/ed25519_ref10.dir/plugins/auth/ref10/ge_double_scalarmult.c.o
[  3%] Built target parsec
[  3%] Building C object libmariadb/CMakeFiles/auth_gssapi_client.dir/plugins/auth/auth_gssapi_client.c.o
[  3%] Building C object libmariadb/CMakeFiles/ed25519_ref10.dir/plugins/auth/ref10/ge_p2_dbl.c.o
[  3%] Building C object libmariadb/CMakeFiles/ed25519_ref10.dir/plugins/auth/ref10/ge_scalarmult_base.c.o
[  3%] Building C object libmariadb/CMakeFiles/auth_gssapi_client.dir/plugins/auth/gssapi_client.c.o
[  3%] Building C object libmariadb/CMakeFiles/ed25519_ref10.dir/plugins/auth/ref10/sign.c.o
[  3%] Building C object libmariadb/CMakeFiles/auth_gssapi_client.dir/plugins/auth/gssapi_errmsg.c.o
[  3%] Linking C shared module auth_gssapi_client.so
[  3%] Building C object libmariadb/CMakeFiles/ed25519_ref10.dir/plugins/auth/ref10/fe_copy.c.o
[  4%] Building C object libmariadb/CMakeFiles/ed25519_ref10.dir/plugins/auth/ref10/fe_pow22523.c.o
[  4%] Built target auth_gssapi_client
[  4%] Building C object libmariadb/CMakeFiles/mysql_clear_password.dir/plugins/auth/mariadb_cleartext.c.o
[  4%] Building C object libmariadb/CMakeFiles/ed25519_ref10.dir/plugins/auth/ref10/ge_frombytes.c.o
[  4%] Building CXX object tpool/CMakeFiles/tpool_common.dir/task.cc.o
[  4%] Building C object libmariadb/CMakeFiles/ed25519_ref10.dir/plugins/auth/ref10/ge_p3_0.c.o
[  4%] Linking C shared module mysql_clear_password.so
[  4%] Building C object libmariadb/CMakeFiles/ed25519_ref10.dir/plugins/auth/ref10/ge_sub.c.o
[  4%] Building C object extra/readline/CMakeFiles/readline.dir/isearch.c.o
[  4%] Building C object libmariadb/CMakeFiles/ed25519_ref10.dir/plugins/auth/ref10/verify.c.o
[  4%] Built target mysql_clear_password
[  4%] Building C object libmariadb/CMakeFiles/zstd.dir/plugins/compress/c_zstd.c.o
[  4%] Building C object libmariadb/CMakeFiles/ed25519_ref10.dir/plugins/auth/ref10/fe_frombytes.c.o
[  4%] Building C object libmariadb/CMakeFiles/ed25519_ref10.dir/plugins/auth/ref10/fe_sq2.c.o
[  5%] Linking C shared module zstd.so
[  5%] Built target zstd
[  5%] Building C object libmariadb/CMakeFiles/ed25519_ref10.dir/plugins/auth/ref10/ge_madd.c.o
[  5%] Building C object libmariadb/libmariadb/CMakeFiles/mariadb_obj.dir/__/plugins/auth/my_auth.c.o
[  5%] Building C object extra/readline/CMakeFiles/readline.dir/display.c.o
[  5%] Building C object libmariadb/CMakeFiles/ed25519_ref10.dir/plugins/auth/ref10/ge_p3_dbl.c.o
[  5%] Building C object libmariadb/CMakeFiles/ed25519_ref10.dir/plugins/auth/ref10/ge_tobytes.c.o
[  5%] Building C object libmariadb/CMakeFiles/ed25519_ref10.dir/plugins/auth/ref10/fe_invert.c.o
[  5%] Building C object libmariadb/CMakeFiles/ed25519_ref10.dir/plugins/auth/ref10/fe_sq.c.o
[  5%] Building C object libmariadb/CMakeFiles/ed25519_ref10.dir/plugins/auth/ref10/ge_msub.c.o
[  5%] Building C object libmariadb/CMakeFiles/ed25519_ref10.dir/plugins/auth/ref10/ge_p3_tobytes.c.o
[  5%] Building C object libmariadb/CMakeFiles/ed25519_ref10.dir/plugins/auth/ref10/keypair.c.o
[  5%] Building C object libmariadb/libmariadb/CMakeFiles/mariadb_obj.dir/__/plugins/auth/old_password.c.o
[  5%] Building CXX object tpool/CMakeFiles/tpool_common.dir/wait_notification.cc.o
[  5%] Built target ed25519_ref10
[  5%] Building C object libmariadb/mariadb_config/CMakeFiles/mariadb_config.dir/mariadb_config.c.o
[  5%] Building C object libmariadb/libmariadb/CMakeFiles/mariadb_obj.dir/__/plugins/compress/c_zlib.c.o
[  5%] Linking C executable mariadb_config
[  5%] Building C object libmariadb/libmariadb/CMakeFiles/mariadb_obj.dir/__/plugins/pvio/pvio_socket.c.o
[  5%] Built target mariadb_config
[  5%] Building C object libservices/CMakeFiles/mysqlservices.dir/base64_service.c.o
[  5%] Building C object libservices/CMakeFiles/mysqlservices.dir/debug_sync_service.c.o
[  5%] Building C object libservices/CMakeFiles/mysqlservices.dir/encryption_scheme_service.c.o
[  5%] Building C object libservices/CMakeFiles/mysqlservices.dir/encryption_service.c.o
[  5%] Building C object libservices/CMakeFiles/mysqlservices.dir/kill_statement_service.c.o
[  5%] Building C object libservices/CMakeFiles/mysqlservices.dir/logger_service.c.o
[  6%] Building C object libservices/CMakeFiles/mysqlservices.dir/my_crypt_service.c.o
[  6%] Building C object libservices/CMakeFiles/mysqlservices.dir/my_md5_service.c.o
[  6%] Building C object libservices/CMakeFiles/mysqlservices.dir/my_print_error_service.c.o
[  6%] Building C object libservices/CMakeFiles/mysqlservices.dir/print_check_msg_service.c.o
[  6%] Building C object libservices/CMakeFiles/mysqlservices.dir/my_sha1_service.c.o
[  6%] Building C object libmariadb/libmariadb/CMakeFiles/mariadb_obj.dir/ma_array.c.o
[  6%] Building C object extra/readline/CMakeFiles/readline.dir/signals.c.o
[  6%] Building C object libservices/CMakeFiles/mysqlservices.dir/my_sha2_service.c.o
[  6%] Building C object libservices/CMakeFiles/mysqlservices.dir/my_snprintf_service.c.o
[  6%] Building C object libservices/CMakeFiles/mysqlservices.dir/progress_report_service.c.o
[  6%] Building C object libservices/CMakeFiles/mysqlservices.dir/thd_alloc_service.c.o
[  6%] Building C object libservices/CMakeFiles/mysqlservices.dir/thd_autoinc_service.c.o
[  6%] Building C object libservices/CMakeFiles/mysqlservices.dir/thd_error_context_service.c.o
[  6%] Building C object libservices/CMakeFiles/mysqlservices.dir/thd_rnd_service.c.o
[  6%] Building C object libservices/CMakeFiles/mysqlservices.dir/thd_specifics_service.c.o
[  6%] Building C object libmariadb/libmariadb/CMakeFiles/mariadb_obj.dir/ma_charset.c.o
[  6%] Built target tpool_common
[  7%] Building C object extra/readline/CMakeFiles/readline.dir/util.c.o
[  7%] Building C object libservices/CMakeFiles/mysqlservices.dir/thd_timezone_service.c.o
[  7%] Creating directories for 'duckdb_build'
[  7%] Building C object libservices/CMakeFiles/mysqlservices.dir/thd_wait_service.c.o
[  7%] No download step for 'duckdb_build'
[  7%] Building C object libservices/CMakeFiles/mysqlservices.dir/wsrep_service.c.o
[  7%] No update step for 'duckdb_build'
[  7%] Building C object libservices/CMakeFiles/mysqlservices.dir/json_service.c.o
[  7%] Building C object libservices/CMakeFiles/mysqlservices.dir/sql_service.c.o
[  7%] Performing patch step for 'duckdb_build'
Checking patch src/catalog/catalog_entry/sequence_catalog_entry.cpp...
Checking patch src/function/function_list.cpp...
Checking patch src/function/scalar/sequence/nextval.cpp...
Checking patch src/include/duckdb/catalog/catalog_entry/sequence_catalog_entry.hpp...
Checking patch src/include/duckdb/function/scalar/sequence_functions.hpp...
Applied patch src/catalog/catalog_entry/sequence_catalog_entry.cpp cleanly.
Applied patch src/function/function_list.cpp cleanly.
Applied patch src/function/scalar/sequence/nextval.cpp cleanly.
Applied patch src/include/duckdb/catalog/catalog_entry/sequence_catalog_entry.hpp cleanly.
Applied patch src/include/duckdb/function/scalar/sequence_functions.hpp cleanly.
[  7%] Building C object libservices/CMakeFiles/mysqlservices.dir/provider_service_bzip2.c.o
[  7%] Performing configure step for 'duckdb_build'
[  7%] Building C object libservices/CMakeFiles/mysqlservices.dir/provider_service_lz4.c.o
[  7%] Building C object extra/readline/CMakeFiles/readline.dir/kill.c.o
[  7%] Building C object libservices/CMakeFiles/mysqlservices.dir/provider_service_lzma.c.o
[  7%] Building C object libservices/CMakeFiles/mysqlservices.dir/provider_service_lzo.c.o
[  8%] Building C object libservices/CMakeFiles/mysqlservices.dir/provider_service_snappy.c.o
[  8%] Linking C static library libmysqlservices.a
[  8%] Built target mysqlservices
[  8%] Building C object libmariadb/libmariadb/CMakeFiles/mariadb_obj.dir/ma_decimal.c.o
-- Found Python3: /usr/bin/python3 (found version "3.12.3") found components: Interpreter
[  9%] Building CXX object sql/CMakeFiles/gen_lex_hash.dir/gen_lex_hash.cc.o
-- The C compiler identification is GNU 13.3.0
[  9%] Building C object extra/readline/CMakeFiles/readline.dir/undo.c.o
-- The CXX compiler identification is GNU 13.3.0
-- Detecting C compiler ABI info
[  9%] Building C object extra/readline/CMakeFiles/readline.dir/macro.c.o
[  9%] Building C object libmariadb/libmariadb/CMakeFiles/mariadb_obj.dir/ma_hashtbl.c.o
-- Detecting C compiler ABI info - done
-- Check for working C compiler: /usr/bin/cc - skipped
-- Detecting C compile features
-- Detecting C compile features - done
[  9%] Building C object extra/readline/CMakeFiles/readline.dir/input.c.o
-- Detecting CXX compiler ABI info
-- Detecting CXX compiler ABI info - done
[  9%] Linking CXX executable gen_lex_hash
-- Check for working CXX compiler: /usr/bin/c++ - skipped
-- Detecting CXX compile features
-- Detecting CXX compile features - done
-- Performing Test CMAKE_HAVE_LIBC_PTHREAD
[  9%] Building C object libmariadb/libmariadb/CMakeFiles/mariadb_obj.dir/ma_net.c.o
[  9%] Building C object extra/readline/CMakeFiles/readline.dir/callback.c.o
[  9%] Built target gen_lex_hash
[ 10%] Building C object vio/CMakeFiles/vio.dir/vio.c.o
-- Performing Test CMAKE_HAVE_LIBC_PTHREAD - Success
-- Found Threads: TRUE
-- git hash 0000000000, version v1.5.5, extension folder v1.5.5
-- Build workers: compile= link_release=4 link_non_release=2
-- Extensions will be deployed to: /usr/local/src/mariadb-12.3.3/build_tmp_dir/storage/duckdb/duckdb-build/repository
-- Load extension 'core_functions' from '/usr/local/src/mariadb-12.3.3/storage/duckdb/third_parties/duckdb/extensions' @ v1.5.5
-- Load extension 'icu' from '/usr/local/src/mariadb-12.3.3/storage/duckdb/third_parties/duckdb/extensions' @ v1.5.5
-- Load extension 'json' from '/usr/local/src/mariadb-12.3.3/storage/duckdb/third_parties/duckdb/extensions' @ v1.5.5
-- Load extension 'parquet' from '/usr/local/src/mariadb-12.3.3/storage/duckdb/third_parties/duckdb/extensions' @ v1.5.5
[ 10%] Building C object extra/readline/CMakeFiles/readline.dir/terminal.c.o
[ 10%] Building C object libmariadb/libmariadb/CMakeFiles/mariadb_obj.dir/mariadb_charset.c.o
[ 10%] Building C object extra/readline/CMakeFiles/readline.dir/xmalloc.c.o
[ 10%] Building C object vio/CMakeFiles/vio.dir/viosocket.c.o
[ 10%] Building C object extra/readline/CMakeFiles/readline.dir/history.c.o
[ 10%] Building C object libmariadb/libmariadb/CMakeFiles/mariadb_obj.dir/ma_time.c.o
-- Extensions linked into DuckDB: [core_functions, icu, json, parquet]
[ 10%] Building C object libmariadb/libmariadb/CMakeFiles/mariadb_obj.dir/ma_default.c.o
[ 10%] Building C object extra/readline/CMakeFiles/readline.dir/histsearch.c.o
[ 10%] Building C object extra/readline/CMakeFiles/readline.dir/histexpand.c.o
[ 10%] Building C object libmariadb/libmariadb/CMakeFiles/mariadb_obj.dir/ma_errmsg.c.o
[ 10%] Building C object vio/CMakeFiles/vio.dir/viossl.c.o
[ 10%] Building C object libmariadb/libmariadb/CMakeFiles/mariadb_obj.dir/mariadb_lib.c.o
[ 10%] Building C object vio/CMakeFiles/vio.dir/viopipe.c.o
[ 10%] Building C object vio/CMakeFiles/vio.dir/viosslfactories.c.o
[ 10%] Building C object extra/readline/CMakeFiles/readline.dir/histfile.c.o
[ 10%] Building C object extra/readline/CMakeFiles/readline.dir/nls.c.o
[ 10%] Building C object extra/readline/CMakeFiles/readline.dir/search.c.o
[ 10%] Linking C static library libvio.a
[ 10%] Built target vio
[ 10%] Building C object storage/mroonga/vendor/groonga/lib/CMakeFiles/libgroonga.dir/alloc.c.o
[ 10%] Building C object extra/readline/CMakeFiles/readline.dir/shell.c.o
[ 10%] Building C object extra/readline/CMakeFiles/readline.dir/tilde.c.o
[ 10%] Building C object extra/readline/CMakeFiles/readline.dir/misc.c.o
[ 10%] Building C object extra/readline/CMakeFiles/readline.dir/text.c.o
[ 10%] Building C object storage/mroonga/vendor/groonga/lib/CMakeFiles/libgroonga.dir/cache.c.o
-- Configuring done (1.8s)
[ 10%] Building C object libmariadb/libmariadb/CMakeFiles/mariadb_obj.dir/ma_list.c.o
[ 10%] Building C object libmariadb/libmariadb/CMakeFiles/mariadb_obj.dir/ma_pvio.c.o
[ 10%] Building C object extra/readline/CMakeFiles/readline.dir/mbutil.c.o
[ 10%] Building C object storage/mroonga/vendor/groonga/lib/CMakeFiles/libgroonga.dir/column.c.o
[ 10%] Building C object storage/mroonga/vendor/groonga/lib/CMakeFiles/libgroonga.dir/com.c.o
[ 10%] Building C object extra/readline/CMakeFiles/readline.dir/compat.c.o
[ 10%] Building C object libmariadb/libmariadb/CMakeFiles/mariadb_obj.dir/ma_tls.c.o
[ 10%] Building C object extra/readline/CMakeFiles/readline.dir/savestring.c.o
[ 10%] Linking C static library libreadline.a
[ 10%] Built target readline
-- Generating done (0.3s)
[ 10%] Building CXX object storage/rocksdb/CMakeFiles/rocksdblib.dir/rocksdb/cache/cache.cc.o
[ 11%] Building C object libmariadb/libmariadb/CMakeFiles/mariadb_obj.dir/ma_alloc.c.o
CMake Warning:
  Manually-specified variables were not used by the project:

    BUILD_PYTHON
    BUILD_TPCE


-- Build files have been written to: /usr/local/src/mariadb-12.3.3/build_tmp_dir/storage/duckdb/duckdb-build
[ 11%] Performing build step for 'duckdb_build'
[ 11%] Building C object libmariadb/libmariadb/CMakeFiles/mariadb_obj.dir/ma_compress.c.o
[  0%] Updating .cache/clangd (duckdb-build)
[  0%] Built target clangd_cache
[  0%] Building CXX object third_party/zstd/CMakeFiles/duckdb_zstd.dir/compress/zstd_compress_superblock.cpp.o
[ 11%] Building C object libmariadb/libmariadb/CMakeFiles/mariadb_obj.dir/ma_init.c.o
[ 11%] Building C object libmariadb/libmariadb/CMakeFiles/mariadb_obj.dir/ma_password.c.o
[ 11%] Building C object libmariadb/libmariadb/CMakeFiles/mariadb_obj.dir/ma_ll2str.c.o
[ 11%] Building C object libmariadb/libmariadb/CMakeFiles/mariadb_obj.dir/mariadb_stmt.c.o
[  0%] Building CXX object third_party/zstd/CMakeFiles/duckdb_zstd.dir/compress/zstdmt_compress.cpp.o
[ 11%] Building C object storage/mroonga/vendor/groonga/lib/CMakeFiles/libgroonga.dir/command.c.o
[  0%] Building CXX object third_party/zstd/CMakeFiles/duckdb_zstd.dir/compress/zstd_double_fast.cpp.o
[ 11%] Building C object storage/mroonga/vendor/groonga/lib/CMakeFiles/libgroonga.dir/config.c.o
[ 11%] Building C object libmariadb/libmariadb/CMakeFiles/mariadb_obj.dir/ma_loaddata.c.o
[ 11%] Building C object storage/mroonga/vendor/groonga/lib/CMakeFiles/libgroonga.dir/ctx.c.o
[ 11%] Building C object libmariadb/libmariadb/CMakeFiles/mariadb_obj.dir/ma_stmt_codec.c.o
[ 11%] Building C object libmariadb/libmariadb/CMakeFiles/mariadb_obj.dir/ma_string.c.o
[ 11%] Building C object libmariadb/libmariadb/CMakeFiles/mariadb_obj.dir/ma_dtoa.c.o
[ 11%] Building CXX object storage/rocksdb/CMakeFiles/rocksdblib.dir/rocksdb/cache/cache_entry_roles.cc.o
[ 11%] Building C object storage/mroonga/vendor/groonga/lib/CMakeFiles/libgroonga.dir/ctx_impl_mrb.c.o
[ 11%] Building C object storage/mroonga/vendor/groonga/lib/CMakeFiles/libgroonga.dir/db.c.o
[ 11%] Building C object libmariadb/libmariadb/CMakeFiles/mariadb_obj.dir/mariadb_rpl.c.o
[ 11%] Building CXX object storage/rocksdb/CMakeFiles/rocksdblib.dir/rocksdb/cache/cache_key.cc.o
[ 11%] Building CXX object storage/rocksdb/CMakeFiles/rocksdblib.dir/rocksdb/cache/cache_reservation_manager.cc.o
[ 11%] Building C object libmariadb/libmariadb/CMakeFiles/mariadb_obj.dir/ma_client_plugin.c.o
[ 11%] Building C object libmariadb/libmariadb/CMakeFiles/mariadb_obj.dir/ma_io.c.o
[  1%] Building CXX object third_party/zstd/CMakeFiles/duckdb_zstd.dir/compress/zstd_fast.cpp.o
[ 11%] Building C object libmariadb/libmariadb/CMakeFiles/mariadb_obj.dir/secure/openssl.c.o
[ 11%] Building C object libmariadb/libmariadb/CMakeFiles/mariadb_obj.dir/secure/openssl_crypt.c.o
[ 11%] Building C object libmariadb/libmariadb/CMakeFiles/mariadb_obj.dir/mariadb_async.c.o
[ 11%] Building C object libmariadb/libmariadb/CMakeFiles/mariadb_obj.dir/ma_context.c.o
[ 11%] Built target mariadb_obj
[ 11%] Building CXX object storage/rocksdb/CMakeFiles/rocksdb_tools.dir/rocksdb/tools/ldb_tool.cc.o
[ 11%] Building CXX object storage/rocksdb/CMakeFiles/rocksdblib.dir/rocksdb/cache/clock_cache.cc.o
[ 11%] Building CXX object storage/rocksdb/CMakeFiles/rocksdblib.dir/rocksdb/cache/lru_cache.cc.o
[  1%] Building CXX object third_party/zstd/CMakeFiles/duckdb_zstd.dir/compress/zstd_compress_sequences.cpp.o
[  1%] Building CXX object third_party/zstd/CMakeFiles/duckdb_zstd.dir/compress/zstd_ldm.cpp.o
[  1%] Building CXX object third_party/zstd/CMakeFiles/duckdb_zstd.dir/compress/hist.cpp.o
[  1%] Building CXX object third_party/zstd/CMakeFiles/duckdb_zstd.dir/compress/zstd_compress.cpp.o
[ 11%] Building CXX object storage/rocksdb/CMakeFiles/rocksdb_tools.dir/rocksdb/tools/ldb_cmd.cc.o
[ 11%] Building CXX object storage/rocksdb/CMakeFiles/rocksdblib.dir/rocksdb/cache/sharded_cache.cc.o
[ 11%] Building CXX object storage/rocksdb/CMakeFiles/rocksdblib.dir/rocksdb/db/arena_wrapped_db_iter.cc.o
[  1%] Building CXX object third_party/zstd/CMakeFiles/duckdb_zstd.dir/compress/zstd_lazy.cpp.o
[ 11%] Building C object storage/mroonga/vendor/groonga/lib/CMakeFiles/libgroonga.dir/dump.c.o
[ 11%] Building C object storage/mroonga/vendor/groonga/lib/CMakeFiles/libgroonga.dir/ts.c.o
[ 11%] Building C object storage/mroonga/vendor/groonga/lib/CMakeFiles/libgroonga.dir/type.c.o
[ 11%] Building C object storage/mroonga/vendor/groonga/lib/CMakeFiles/libgroonga.dir/error.c.o
[ 11%] Building C object storage/mroonga/vendor/groonga/lib/CMakeFiles/libgroonga.dir/expr.c.o
[ 11%] Building CXX object storage/rocksdb/CMakeFiles/rocksdblib.dir/rocksdb/db/blob/blob_fetcher.cc.o
[ 11%] Building CXX object storage/rocksdb/CMakeFiles/rocksdblib.dir/rocksdb/db/blob/blob_file_addition.cc.o
[ 11%] Building CXX object storage/rocksdb/CMakeFiles/rocksdblib.dir/rocksdb/db/blob/blob_file_builder.cc.o
[  2%] Building CXX object third_party/zstd/CMakeFiles/duckdb_zstd.dir/compress/zstd_compress_literals.cpp.o
[  2%] Building CXX object third_party/zstd/CMakeFiles/duckdb_zstd.dir/compress/huf_compress.cpp.o
[  2%] Building CXX object third_party/zstd/CMakeFiles/duckdb_zstd.dir/compress/zstd_opt.cpp.o
[ 11%] Building CXX object storage/rocksdb/CMakeFiles/rocksdblib.dir/rocksdb/db/blob/blob_file_cache.cc.o
[  2%] Building CXX object third_party/zstd/CMakeFiles/duckdb_zstd.dir/compress/fse_compress.cpp.o
[ 11%] Building CXX object storage/rocksdb/CMakeFiles/rocksdb_tools.dir/rocksdb/tools/sst_dump_tool.cc.o
[ 11%] Building CXX object storage/rocksdb/CMakeFiles/rocksdblib.dir/rocksdb/db/blob/blob_file_garbage.cc.o
[  2%] Building CXX object third_party/zstd/CMakeFiles/duckdb_zstd.dir/decompress/zstd_ddict.cpp.o
[  2%] Building CXX object third_party/zstd/CMakeFiles/duckdb_zstd.dir/decompress/huf_decompress.cpp.o
[ 11%] Building CXX object storage/rocksdb/CMakeFiles/rocksdblib.dir/rocksdb/db/blob/blob_file_meta.cc.o
[ 11%] Building CXX object storage/rocksdb/CMakeFiles/rocksdblib.dir/rocksdb/db/blob/blob_file_reader.cc.o
[  3%] Building CXX object third_party/zstd/CMakeFiles/duckdb_zstd.dir/decompress/zstd_decompress.cpp.o
[  3%] Building CXX object third_party/zstd/CMakeFiles/duckdb_zstd.dir/decompress/zstd_decompress_block.cpp.o
[ 11%] Linking CXX static library librocksdb_tools.a
[ 11%] Built target rocksdb_tools
[ 12%] Building C object plugin/auth_ed25519/CMakeFiles/ref10.dir/ref10/fe_0.c.o
[ 12%] Building C object plugin/auth_ed25519/CMakeFiles/ref10.dir/ref10/fe_1.c.o
[ 12%] Building C object plugin/auth_ed25519/CMakeFiles/ref10.dir/ref10/fe_add.c.o
[ 12%] Building C object plugin/auth_ed25519/CMakeFiles/ref10.dir/ref10/fe_cmov.c.o
[ 12%] Building C object plugin/auth_ed25519/CMakeFiles/ref10.dir/ref10/fe_copy.c.o
[ 12%] Building C object plugin/auth_ed25519/CMakeFiles/ref10.dir/ref10/fe_frombytes.c.o
[ 12%] Building C object plugin/auth_ed25519/CMakeFiles/ref10.dir/ref10/fe_invert.c.o
[ 12%] Building C object plugin/auth_ed25519/CMakeFiles/ref10.dir/ref10/fe_isnegative.c.o
[ 12%] Building C object plugin/auth_ed25519/CMakeFiles/ref10.dir/ref10/fe_isnonzero.c.o
[ 12%] Building C object plugin/auth_ed25519/CMakeFiles/ref10.dir/ref10/fe_mul.c.o
[ 12%] Building C object plugin/auth_ed25519/CMakeFiles/ref10.dir/ref10/fe_neg.c.o
[ 12%] Building C object plugin/auth_ed25519/CMakeFiles/ref10.dir/ref10/fe_pow22523.c.o
[ 12%] Building C object plugin/auth_ed25519/CMakeFiles/ref10.dir/ref10/fe_sq.c.o
[ 13%] Building CXX object storage/rocksdb/CMakeFiles/rocksdblib.dir/rocksdb/db/blob/blob_garbage_meter.cc.o
[ 13%] Building C object plugin/auth_ed25519/CMakeFiles/ref10.dir/ref10/fe_sq2.c.o
[ 13%] Building C object plugin/auth_ed25519/CMakeFiles/ref10.dir/ref10/fe_sub.c.o
[ 13%] Building C object plugin/auth_ed25519/CMakeFiles/ref10.dir/ref10/fe_tobytes.c.o
[ 13%] Building C object plugin/auth_ed25519/CMakeFiles/ref10.dir/ref10/ge_add.c.o
[ 13%] Building C object plugin/auth_ed25519/CMakeFiles/ref10.dir/ref10/ge_double_scalarmult.c.o
[ 13%] Building C object plugin/auth_ed25519/CMakeFiles/ref10.dir/ref10/ge_frombytes.c.o
[ 13%] Building C object plugin/auth_ed25519/CMakeFiles/ref10.dir/ref10/ge_madd.c.o
[ 13%] Building C object plugin/auth_ed25519/CMakeFiles/ref10.dir/ref10/ge_msub.c.o
[  3%] Building CXX object third_party/zstd/CMakeFiles/duckdb_zstd.dir/common/entropy_common.cpp.o
[ 14%] Building C object plugin/auth_ed25519/CMakeFiles/ref10.dir/ref10/ge_p1p1_to_p2.c.o
[ 14%] Building C object plugin/auth_ed25519/CMakeFiles/ref10.dir/ref10/ge_p1p1_to_p3.c.o
[ 14%] Building C object plugin/auth_ed25519/CMakeFiles/ref10.dir/ref10/ge_p2_0.c.o
[ 14%] Building C object plugin/auth_ed25519/CMakeFiles/ref10.dir/ref10/ge_p2_dbl.c.o
[ 14%] Building C object plugin/auth_ed25519/CMakeFiles/ref10.dir/ref10/ge_p3_0.c.o
[ 14%] Building C object plugin/auth_ed25519/CMakeFiles/ref10.dir/ref10/ge_p3_dbl.c.o
[  3%] Building CXX object third_party/zstd/CMakeFiles/duckdb_zstd.dir/common/fse_decompress.cpp.o
[ 14%] Building C object plugin/auth_ed25519/CMakeFiles/ref10.dir/ref10/ge_p3_to_cached.c.o
[ 14%] Building C object plugin/auth_ed25519/CMakeFiles/ref10.dir/ref10/ge_p3_to_p2.c.o
[ 14%] Building C object plugin/auth_ed25519/CMakeFiles/ref10.dir/ref10/ge_p3_tobytes.c.o
[ 14%] Building C object plugin/auth_ed25519/CMakeFiles/ref10.dir/ref10/ge_precomp_0.c.o
[ 14%] Building C object plugin/auth_ed25519/CMakeFiles/ref10.dir/ref10/ge_scalarmult_base.c.o
[ 14%] Building C object plugin/auth_ed25519/CMakeFiles/ref10.dir/ref10/ge_sub.c.o
[ 14%] Building C object plugin/auth_ed25519/CMakeFiles/ref10.dir/ref10/ge_tobytes.c.o
[ 14%] Building C object plugin/auth_ed25519/CMakeFiles/ref10.dir/ref10/keypair.c.o
[ 14%] Building C object plugin/auth_ed25519/CMakeFiles/ref10.dir/ref10/open.c.o
[ 14%] Building C object plugin/auth_ed25519/CMakeFiles/ref10.dir/ref10/sc_muladd.c.o
[  3%] Building CXX object third_party/zstd/CMakeFiles/duckdb_zstd.dir/common/debug.cpp.o
[  4%] Building CXX object third_party/zstd/CMakeFiles/duckdb_zstd.dir/common/xxhash.cpp.o
[  4%] Building CXX object third_party/zstd/CMakeFiles/duckdb_zstd.dir/common/pool.cpp.o
[ 14%] Building C object plugin/auth_ed25519/CMakeFiles/ref10.dir/ref10/sc_reduce.c.o
[  4%] Building CXX object third_party/zstd/CMakeFiles/duckdb_zstd.dir/common/threading.cpp.o
[ 14%] Building CXX object storage/rocksdb/CMakeFiles/rocksdblib.dir/rocksdb/db/blob/blob_log_format.cc.o
[  4%] Building CXX object third_party/zstd/CMakeFiles/duckdb_zstd.dir/common/zstd_common.cpp.o
[ 14%] Building C object plugin/auth_ed25519/CMakeFiles/ref10.dir/ref10/sign.c.o
[  4%] Building CXX object third_party/zstd/CMakeFiles/duckdb_zstd.dir/common/error_private.cpp.o
[ 14%] Building C object plugin/auth_ed25519/CMakeFiles/ref10.dir/ref10/verify.c.o
[ 14%] Linking C static library libref10.a
[  4%] Building CXX object third_party/zstd/CMakeFiles/duckdb_zstd.dir/dict/cover.cpp.o
[ 14%] Built target ref10
[ 14%] Building C object plugin/auth_pam/CMakeFiles/auth_pam_tool.dir/auth_pam_tool.c.o
[ 14%] Linking C executable auth_pam_tool
[ 14%] Built target auth_pam_tool
[ 14%] Building C object plugin/auth_pam/CMakeFiles/pam_user_map.dir/mapper/pam_user_map.c.o
[ 15%] Linking C shared module pam_user_map.so
[ 15%] Built target pam_user_map
[ 15%] Building C object plugin/auth_pam/testing/CMakeFiles/pam_mariadb_mtr.dir/pam_mariadb_mtr.c.o
[  5%] Building CXX object third_party/zstd/CMakeFiles/duckdb_zstd.dir/dict/divsufsort.cpp.o
[ 15%] Linking C shared module pam_mariadb_mtr.so
[ 15%] Built target pam_mariadb_mtr
[  5%] Building CXX object CMakeFiles/duckdb_platform_binary.dir/tools/utils/test_platform.cpp.o
[ 15%] Building CXX object storage/rocksdb/CMakeFiles/rocksdblib.dir/rocksdb/db/blob/blob_log_sequential_reader.cc.o
[  5%] Linking CXX executable duckdb_platform_binary
[  5%] Built target duckdb_platform_binary
[  5%] Building CXX object extension/parquet/decoder/CMakeFiles/duckdb_parquet_decoders.dir/ub_duckdb_parquet_decoders.cpp.o
[  5%] Building CXX object third_party/zstd/CMakeFiles/duckdb_zstd.dir/dict/fastcover.cpp.o
[  5%] Building CXX object third_party/zstd/CMakeFiles/duckdb_zstd.dir/dict/zdict.cpp.o
[ 15%] Building CXX object storage/rocksdb/CMakeFiles/rocksdblib.dir/rocksdb/db/blob/blob_log_writer.cc.o
[  5%] Building CXX object third_party/zstd/CMakeFiles/duckdb_zstd.dir/deprecated/zbuff_common.cpp.o
[  5%] Building CXX object third_party/zstd/CMakeFiles/duckdb_zstd.dir/deprecated/zbuff_decompress.cpp.o
[  5%] Building CXX object third_party/zstd/CMakeFiles/duckdb_zstd.dir/deprecated/zbuff_compress.cpp.o
[  6%] Linking CXX static library libduckdb_zstd.a
[  6%] Built target duckdb_zstd
[  7%] Building CXX object extension/parquet/reader/CMakeFiles/duckdb_parquet_readers.dir/ub_duckdb_parquet_readers.cpp.o
[ 15%] Building CXX object storage/rocksdb/CMakeFiles/rocksdblib.dir/rocksdb/db/blob/prefetch_buffer_collection.cc.o
[ 15%] Building CXX object storage/rocksdb/CMakeFiles/rocksdblib.dir/rocksdb/db/builder.cc.o
[  7%] Built target duckdb_parquet_decoders
[  7%] Building CXX object extension/parquet/reader/variant/CMakeFiles/duckdb_parquet_reader_variant.dir/ub_duckdb_parquet_reader_variant.cpp.o
[ 15%] Building CXX object storage/rocksdb/CMakeFiles/rocksdblib.dir/rocksdb/db/c.cc.o
[  7%] Built target duckdb_parquet_readers
[ 15%] Building CXX object storage/rocksdb/CMakeFiles/rocksdblib.dir/rocksdb/db/column_family.cc.o
[  7%] Built target duckdb_parquet_reader_variant
[  7%] Building CXX object extension/parquet/writer/CMakeFiles/duckdb_parquet_writers.dir/ub_duckdb_parquet_writers.cpp.o
[ 15%] Building CXX object storage/rocksdb/CMakeFiles/rocksdblib.dir/rocksdb/db/compaction/compaction.cc.o
[ 15%] Building CXX object storage/rocksdb/CMakeFiles/rocksdblib.dir/rocksdb/db/compaction/compaction_iterator.cc.o
[ 15%] Building CXX object storage/rocksdb/CMakeFiles/rocksdblib.dir/rocksdb/db/compaction/compaction_job.cc.o
[ 15%] Building CXX object storage/rocksdb/CMakeFiles/rocksdblib.dir/rocksdb/db/compaction/compaction_picker.cc.o
[  7%] Built target duckdb_parquet_writers
[  7%] Building CXX object extension/parquet/writer/variant/CMakeFiles/duckdb_parquet_writer_variant.dir/ub_duckdb_parquet_writer_variant.cpp.o
[ 15%] Building CXX object storage/rocksdb/CMakeFiles/rocksdblib.dir/rocksdb/db/compaction/compaction_picker_fifo.cc.o
[ 15%] Building CXX object storage/rocksdb/CMakeFiles/rocksdblib.dir/rocksdb/db/compaction/compaction_picker_level.cc.o
[  7%] Built target duckdb_parquet_writer_variant
[  7%] Building C object third_party/jemalloc/CMakeFiles/duckdb_jemalloc.dir/src/jemalloc.c.o
[ 15%] Building CXX object storage/rocksdb/CMakeFiles/rocksdblib.dir/rocksdb/db/compaction/compaction_picker_universal.cc.o
[  7%] Building C object third_party/jemalloc/CMakeFiles/duckdb_jemalloc.dir/src/arena.c.o
[ 15%] Building CXX object plugin/handler_socket/CMakeFiles/hsclient.dir/libhsclient/config.cpp.o
[ 15%] Building CXX object plugin/handler_socket/CMakeFiles/hsclient.dir/libhsclient/escape.cpp.o
[  7%] Building C object third_party/jemalloc/CMakeFiles/duckdb_jemalloc.dir/src/background_thread.c.o
[ 16%] Building CXX object plugin/handler_socket/CMakeFiles/hsclient.dir/libhsclient/fatal.cpp.o
[ 16%] Building CXX object plugin/handler_socket/CMakeFiles/hsclient.dir/libhsclient/hstcpcli.cpp.o
[  8%] Building C object third_party/jemalloc/CMakeFiles/duckdb_jemalloc.dir/src/base.c.o
[  8%] Building C object third_party/jemalloc/CMakeFiles/duckdb_jemalloc.dir/src/batcher.c.o
[  8%] Building C object third_party/jemalloc/CMakeFiles/duckdb_jemalloc.dir/src/bin.c.o
[  8%] Building C object third_party/jemalloc/CMakeFiles/duckdb_jemalloc.dir/src/bin_info.c.o
[  8%] Building C object third_party/jemalloc/CMakeFiles/duckdb_jemalloc.dir/src/bitmap.c.o
[ 16%] Building CXX object plugin/handler_socket/CMakeFiles/hsclient.dir/libhsclient/socket.cpp.o
[  8%] Building C object third_party/jemalloc/CMakeFiles/duckdb_jemalloc.dir/src/buf_writer.c.o
[  9%] Building C object third_party/jemalloc/CMakeFiles/duckdb_jemalloc.dir/src/cache_bin.c.o
[  9%] Building C object third_party/jemalloc/CMakeFiles/duckdb_jemalloc.dir/src/ckh.c.o
[ 16%] Building CXX object plugin/handler_socket/CMakeFiles/hsclient.dir/libhsclient/string_util.cpp.o
[ 16%] Linking CXX static library libhsclient.a
[  9%] Building C object third_party/jemalloc/CMakeFiles/duckdb_jemalloc.dir/src/counter.c.o
[ 16%] Built target hsclient
[ 16%] Generating dbug-t
[ 16%] Built target dbug-unit-tests
[ 16%] Building CXX object client/CMakeFiles/import_util.dir/import_util.cc.o
[  9%] Building C object third_party/jemalloc/CMakeFiles/duckdb_jemalloc.dir/src/ctl.c.o
[ 16%] Building CXX object storage/rocksdb/CMakeFiles/rocksdblib.dir/rocksdb/db/compaction/sst_partitioner.cc.o
[ 16%] Linking CXX static library libimport_util.a
[ 16%] Built target import_util
[ 16%] Building C object scripts/CMakeFiles/comp_sql.dir/comp_sql.c.o
[ 16%] Building CXX object scripts/CMakeFiles/comp_sql.dir/__/sql/sql_bootstrap.cc.o
[ 16%] Linking CXX executable comp_sql
[ 16%] Built target comp_sql
[ 16%] Building CXX object mysql-test/lib/My/SafeProcess/CMakeFiles/my_safe_process.dir/safe_process.cc.o
[ 16%] Linking CXX executable my_safe_process
[ 16%] Built target my_safe_process
[ 16%] Building C object mysql-test/lib/My/SafeProcess/CMakeFiles/wsrep_check_version.dir/wsrep_check_version.c.o
[ 16%] Linking C executable wsrep_check_version
[ 16%] Built target wsrep_check_version
[  9%] Building C object third_party/jemalloc/CMakeFiles/duckdb_jemalloc.dir/src/decay.c.o
[  9%] Building C object third_party/jemalloc/CMakeFiles/duckdb_jemalloc.dir/src/div.c.o
[ 10%] Building C object third_party/jemalloc/CMakeFiles/duckdb_jemalloc.dir/src/ecache.c.o
[ 16%] Building CXX object wsrep-lib/src/CMakeFiles/wsrep-lib.dir/allowlist_service_v1.cpp.o
[ 16%] Building CXX object storage/rocksdb/CMakeFiles/rocksdblib.dir/rocksdb/db/convenience.cc.o
[ 16%] Building CXX object wsrep-lib/src/CMakeFiles/wsrep-lib.dir/client_state.cpp.o
[ 10%] Building C object third_party/jemalloc/CMakeFiles/duckdb_jemalloc.dir/src/edata.c.o
[ 16%] Building CXX object wsrep-lib/src/CMakeFiles/wsrep-lib.dir/config_service_v1.cpp.o
[ 10%] Building C object third_party/jemalloc/CMakeFiles/duckdb_jemalloc.dir/src/edata_cache.c.o
[ 10%] Building C object third_party/jemalloc/CMakeFiles/duckdb_jemalloc.dir/src/ehooks.c.o
[ 10%] Building C object third_party/jemalloc/CMakeFiles/duckdb_jemalloc.dir/src/emap.c.o
[ 16%] Building CXX object wsrep-lib/src/CMakeFiles/wsrep-lib.dir/connection_monitor_service_v1.cpp.o
[ 10%] Building C object third_party/jemalloc/CMakeFiles/duckdb_jemalloc.dir/src/eset.c.o
[ 11%] Building C object third_party/jemalloc/CMakeFiles/duckdb_jemalloc.dir/src/exp_grow.c.o
[ 11%] Building C object third_party/jemalloc/CMakeFiles/duckdb_jemalloc.dir/src/extent.c.o
[ 16%] Building CXX object storage/rocksdb/CMakeFiles/rocksdblib.dir/rocksdb/db/db_filesnapshot.cc.o
[ 16%] Building CXX object wsrep-lib/src/CMakeFiles/wsrep-lib.dir/event_service_v1.cpp.o
[ 11%] Building C object third_party/jemalloc/CMakeFiles/duckdb_jemalloc.dir/src/extent_dss.c.o
[ 11%] Building C object third_party/jemalloc/CMakeFiles/duckdb_jemalloc.dir/src/extent_mmap.c.o
[ 11%] Building C object third_party/jemalloc/CMakeFiles/duckdb_jemalloc.dir/src/fxp.c.o
[ 16%] Building CXX object wsrep-lib/src/CMakeFiles/wsrep-lib.dir/exception.cpp.o
[ 11%] Building C object third_party/jemalloc/CMakeFiles/duckdb_jemalloc.dir/src/san.c.o
[ 12%] Building C object third_party/jemalloc/CMakeFiles/duckdb_jemalloc.dir/src/san_bump.c.o
[ 16%] Building CXX object wsrep-lib/src/CMakeFiles/wsrep-lib.dir/gtid.cpp.o
[ 12%] Building C object third_party/jemalloc/CMakeFiles/duckdb_jemalloc.dir/src/hook.c.o
[ 12%] Building C object third_party/jemalloc/CMakeFiles/duckdb_jemalloc.dir/src/hpa.c.o
[ 16%] Building CXX object wsrep-lib/src/CMakeFiles/wsrep-lib.dir/id.cpp.o
[ 12%] Building C object third_party/jemalloc/CMakeFiles/duckdb_jemalloc.dir/src/hpa_hooks.c.o
[ 12%] Building C object third_party/jemalloc/CMakeFiles/duckdb_jemalloc.dir/src/hpdata.c.o
[ 16%] Building CXX object wsrep-lib/src/CMakeFiles/wsrep-lib.dir/key.cpp.o
[ 12%] Building C object third_party/jemalloc/CMakeFiles/duckdb_jemalloc.dir/src/inspect.c.o
[ 16%] Building CXX object wsrep-lib/src/CMakeFiles/wsrep-lib.dir/logger.cpp.o
[ 13%] Building C object third_party/jemalloc/CMakeFiles/duckdb_jemalloc.dir/src/large.c.o
[ 16%] Building CXX object wsrep-lib/src/CMakeFiles/wsrep-lib.dir/provider.cpp.o
[ 13%] Building C object third_party/jemalloc/CMakeFiles/duckdb_jemalloc.dir/src/log.c.o
[ 13%] Building C object third_party/jemalloc/CMakeFiles/duckdb_jemalloc.dir/src/malloc_io.c.o
[ 13%] Building C object third_party/jemalloc/CMakeFiles/duckdb_jemalloc.dir/src/mutex.c.o
[ 13%] Building C object third_party/jemalloc/CMakeFiles/duckdb_jemalloc.dir/src/nstime.c.o
[ 16%] Building CXX object wsrep-lib/src/CMakeFiles/wsrep-lib.dir/provider_options.cpp.o
[ 14%] Building C object third_party/jemalloc/CMakeFiles/duckdb_jemalloc.dir/src/pa.c.o
[ 16%] Building CXX object storage/rocksdb/CMakeFiles/rocksdblib.dir/rocksdb/db/dbformat.cc.o
[ 14%] Building C object third_party/jemalloc/CMakeFiles/duckdb_jemalloc.dir/src/pa_extra.c.o
[ 14%] Building C object third_party/jemalloc/CMakeFiles/duckdb_jemalloc.dir/src/pai.c.o
[ 14%] Building C object third_party/jemalloc/CMakeFiles/duckdb_jemalloc.dir/src/pac.c.o
[ 14%] Building C object third_party/jemalloc/CMakeFiles/duckdb_jemalloc.dir/src/pages.c.o
[ 16%] Building CXX object wsrep-lib/src/CMakeFiles/wsrep-lib.dir/reporter.cpp.o
[ 14%] Building C object third_party/jemalloc/CMakeFiles/duckdb_jemalloc.dir/src/peak_event.c.o
[ 15%] Building C object third_party/jemalloc/CMakeFiles/duckdb_jemalloc.dir/src/prof.c.o
[ 16%] Building CXX object storage/rocksdb/CMakeFiles/rocksdblib.dir/rocksdb/db/db_impl/compacted_db_impl.cc.o
[ 15%] Building C object third_party/jemalloc/CMakeFiles/duckdb_jemalloc.dir/src/prof_data.c.o
[ 15%] Building C object third_party/jemalloc/CMakeFiles/duckdb_jemalloc.dir/src/prof_log.c.o
[ 15%] Building C object third_party/jemalloc/CMakeFiles/duckdb_jemalloc.dir/src/prof_recent.c.o
[ 16%] Building CXX object wsrep-lib/src/CMakeFiles/wsrep-lib.dir/seqno.cpp.o
[ 15%] Building C object third_party/jemalloc/CMakeFiles/duckdb_jemalloc.dir/src/prof_stats.c.o
[ 15%] Building C object third_party/jemalloc/CMakeFiles/duckdb_jemalloc.dir/src/prof_sys.c.o
[ 16%] Building CXX object wsrep-lib/src/CMakeFiles/wsrep-lib.dir/server_state.cpp.o
[ 16%] Building C object third_party/jemalloc/CMakeFiles/duckdb_jemalloc.dir/src/psset.c.o
[ 16%] Building C object third_party/jemalloc/CMakeFiles/duckdb_jemalloc.dir/src/rtree.c.o
[ 16%] Building C object third_party/jemalloc/CMakeFiles/duckdb_jemalloc.dir/src/safety_check.c.o
[ 16%] Building C object third_party/jemalloc/CMakeFiles/duckdb_jemalloc.dir/src/sc.c.o
[ 16%] Building C object third_party/jemalloc/CMakeFiles/duckdb_jemalloc.dir/src/sec.c.o
[ 16%] Building C object third_party/jemalloc/CMakeFiles/duckdb_jemalloc.dir/src/stats.c.o
[ 17%] Building C object third_party/jemalloc/CMakeFiles/duckdb_jemalloc.dir/src/sz.c.o
[ 17%] Building C object third_party/jemalloc/CMakeFiles/duckdb_jemalloc.dir/src/tcache.c.o
[ 17%] Building CXX object wsrep-lib/src/CMakeFiles/wsrep-lib.dir/sr_key_set.cpp.o
[ 17%] Building CXX object storage/rocksdb/CMakeFiles/rocksdblib.dir/rocksdb/db/db_impl/db_impl.cc.o
[ 17%] Building CXX object wsrep-lib/src/CMakeFiles/wsrep-lib.dir/streaming_context.cpp.o
[ 17%] Building C object third_party/jemalloc/CMakeFiles/duckdb_jemalloc.dir/src/test_hooks.c.o
[ 17%] Building C object third_party/jemalloc/CMakeFiles/duckdb_jemalloc.dir/src/thread_event.c.o
[ 17%] Building C object third_party/jemalloc/CMakeFiles/duckdb_jemalloc.dir/src/ticker.c.o
[ 17%] Building C object third_party/jemalloc/CMakeFiles/duckdb_jemalloc.dir/src/tsd.c.o
[ 17%] Building CXX object wsrep-lib/src/CMakeFiles/wsrep-lib.dir/thread.cpp.o
[ 18%] Building C object third_party/jemalloc/CMakeFiles/duckdb_jemalloc.dir/src/util.c.o
[ 18%] Building C object third_party/jemalloc/CMakeFiles/duckdb_jemalloc.dir/src/witness.c.o
[ 17%] Building CXX object wsrep-lib/src/CMakeFiles/wsrep-lib.dir/thread_service_v1.cpp.o
[ 18%] Building C object third_party/jemalloc/CMakeFiles/duckdb_jemalloc.dir/src/zone.c.o
[ 18%] Linking C static library libduckdb_jemalloc.a
[ 18%] Built target duckdb_jemalloc
[ 19%] Building CXX object src/optimizer/CMakeFiles/duckdb_optimizer.dir/ub_duckdb_optimizer.cpp.o
[ 17%] Building CXX object wsrep-lib/src/CMakeFiles/wsrep-lib.dir/tls_service_v1.cpp.o
[ 17%] Building CXX object wsrep-lib/src/CMakeFiles/wsrep-lib.dir/transaction.cpp.o
/usr/local/src/mariadb-12.3.3/storage/rocksdb/rocksdb/db/db_impl/db_impl.cc: In member function ‘virtual rocksdb::Status rocksdb::DBImpl::FlushWAL(bool)’:
/usr/local/src/mariadb-12.3.3/storage/rocksdb/rocksdb/db/db_impl/db_impl.cc:1329:23: warning: redundant move in return statement [-Wredundant-move]
 1329 |       return std::move(io_s);
      |              ~~~~~~~~~^~~~~~
/usr/local/src/mariadb-12.3.3/storage/rocksdb/rocksdb/db/db_impl/db_impl.cc:1329:23: note: remove ‘std::move’ call
/usr/local/src/mariadb-12.3.3/storage/rocksdb/rocksdb/db/db_impl/db_impl.cc:1333:23: warning: redundant move in return statement [-Wredundant-move]
 1333 |       return std::move(io_s);
      |              ~~~~~~~~~^~~~~~
/usr/local/src/mariadb-12.3.3/storage/rocksdb/rocksdb/db/db_impl/db_impl.cc:1333:23: note: remove ‘std::move’ call
/usr/local/src/mariadb-12.3.3/storage/rocksdb/rocksdb/db/db_impl/db_impl.cc: In member function ‘virtual rocksdb::Status rocksdb::DBImpl::LockWAL()’:
/usr/local/src/mariadb-12.3.3/storage/rocksdb/rocksdb/db/db_impl/db_impl.cc:1432:19: warning: redundant move in return statement [-Wredundant-move]
 1432 |   return std::move(status);
      |          ~~~~~~~~~^~~~~~~~
/usr/local/src/mariadb-12.3.3/storage/rocksdb/rocksdb/db/db_impl/db_impl.cc:1432:19: note: remove ‘std::move’ call
[ 17%] Building CXX object wsrep-lib/src/CMakeFiles/wsrep-lib.dir/uuid.cpp.o
[ 17%] Building CXX object wsrep-lib/src/CMakeFiles/wsrep-lib.dir/view.cpp.o
[ 17%] Building CXX object wsrep-lib/src/CMakeFiles/wsrep-lib.dir/wsrep_provider_v26.cpp.o
[ 17%] Building CXX object wsrep-lib/src/CMakeFiles/wsrep-lib.dir/xid.cpp.o
[ 17%] Linking CXX static library libwsrep-lib.a
[ 17%] Built target wsrep-lib
[ 17%] Generating ctype-uca1400data.h
[ 17%] Built target GenUnicodeDataSource
[ 17%] Building CXX object tpool/CMakeFiles/tpool_min.dir/aio_linux.cc.o
[ 17%] Linking CXX static library libtpool_min.a
[ 17%] Built target tpool_min
[ 17%] Building C object libmariadb/CMakeFiles/client_ed25519.dir/plugins/auth/ed25519.c.o
[ 17%] Building C object libmariadb/CMakeFiles/client_ed25519.dir/libmariadb/secure/openssl_crypt.c.o
[ 17%] Linking C shared module client_ed25519.so
[ 17%] Built target client_ed25519
[ 17%] Linking C static library libmariadbclient.a
[ 17%] Built target mariadbclient
[ 17%] Linking C shared library libmariadb.so
[ 17%] Built target libmariadb
[ 17%] Generating libmysqlclient.a
[ 17%] Built target SYM_libmysqlclient.a
[ 17%] Generating libmysqlclient_r.a
[ 17%] Built target SYM_libmysqlclient_r.a
[ 17%] Generating libmariadb.a
[ 17%] Built target SYM_libmariadb.a
[ 17%] Generating mariadb_fix_privilege_tables_sql.c
[ 17%] Built target GenFixPrivs
[ 19%] Building CXX object src/optimizer/compressed_materialization/CMakeFiles/duckdb_optimizer_compressed_materialization.dir/ub_duckdb_optimizer_compressed_materialization.cpp.o
[ 19%] Built target duckdb_optimizer_compressed_materialization
[ 19%] Building CXX object src/optimizer/join_order/CMakeFiles/duckdb_optimizer_join_order.dir/ub_duckdb_optimizer_join_order.cpp.o
[ 17%] Building CXX object storage/rocksdb/CMakeFiles/rocksdblib.dir/rocksdb/db/db_impl/db_impl_compaction_flush.cc.o
[ 19%] Built target duckdb_optimizer_join_order
[ 19%] Building CXX object src/optimizer/matcher/CMakeFiles/duckdb_optimizer_matcher.dir/ub_duckdb_optimizer_matcher.cpp.o
[ 19%] Built target duckdb_optimizer_matcher
[ 19%] Building CXX object src/optimizer/pullup/CMakeFiles/duckdb_optimizer_pullup.dir/ub_duckdb_optimizer_pullup.cpp.o
[ 19%] Built target duckdb_optimizer_pullup
[ 19%] Building CXX object src/optimizer/pushdown/CMakeFiles/duckdb_optimizer_pushdown.dir/ub_duckdb_optimizer_pushdown.cpp.o
[ 17%] Building C object storage/mroonga/vendor/groonga/lib/CMakeFiles/libgroonga.dir/expr_code.c.o
[ 17%] Building C object storage/mroonga/vendor/groonga/lib/CMakeFiles/libgroonga.dir/expr_executor.c.o
[ 17%] Building C object storage/mroonga/vendor/groonga/lib/CMakeFiles/libgroonga.dir/file_lock.c.o
[ 17%] Building C object storage/mroonga/vendor/groonga/lib/CMakeFiles/libgroonga.dir/geo.c.o
[ 17%] Building C object storage/mroonga/vendor/groonga/lib/CMakeFiles/libgroonga.dir/hash.c.o
[ 18%] Building CXX object storage/rocksdb/CMakeFiles/rocksdblib.dir/rocksdb/db/db_impl/db_impl_debug.cc.o
[ 18%] Building CXX object storage/rocksdb/CMakeFiles/rocksdblib.dir/rocksdb/db/db_impl/db_impl_experimental.cc.o
[ 19%] Built target duckdb_optimizer
[ 20%] Building CXX object src/optimizer/rule/CMakeFiles/duckdb_optimizer_rules.dir/ub_duckdb_optimizer_rules.cpp.o
[ 18%] Building C object storage/mroonga/vendor/groonga/lib/CMakeFiles/libgroonga.dir/id.c.o
[ 19%] Building C object storage/mroonga/vendor/groonga/lib/CMakeFiles/libgroonga.dir/ii.c.o
[ 20%] Built target duckdb_optimizer_pushdown
[ 20%] Building CXX object src/optimizer/statistics/expression/CMakeFiles/duckdb_optimizer_statistics_expr.dir/ub_duckdb_optimizer_statistics_expr.cpp.o
[ 19%] Building CXX object storage/rocksdb/CMakeFiles/rocksdblib.dir/rocksdb/db/db_impl/db_impl_files.cc.o
[ 20%] Built target duckdb_optimizer_statistics_expr
[ 20%] Building CXX object src/optimizer/statistics/operator/CMakeFiles/duckdb_optimizer_statistics_op.dir/ub_duckdb_optimizer_statistics_op.cpp.o
[ 20%] Built target duckdb_optimizer_rules
[ 20%] Building CXX object src/planner/CMakeFiles/duckdb_planner.dir/ub_duckdb_planner.cpp.o
[ 19%] Building C object storage/mroonga/vendor/groonga/lib/CMakeFiles/libgroonga.dir/index_column.c.o
[ 19%] Building C object storage/mroonga/vendor/groonga/lib/CMakeFiles/libgroonga.dir/io.c.o
[ 19%] Building C object storage/mroonga/vendor/groonga/lib/CMakeFiles/libgroonga.dir/load.c.o
[ 19%] Building CXX object storage/rocksdb/CMakeFiles/rocksdblib.dir/rocksdb/db/db_impl/db_impl_open.cc.o
[ 19%] Building C object storage/mroonga/vendor/groonga/lib/CMakeFiles/libgroonga.dir/logger.c.o
[ 19%] Building C object storage/mroonga/vendor/groonga/lib/CMakeFiles/libgroonga.dir/mrb.c.o
[ 19%] Building C object storage/mroonga/vendor/groonga/lib/CMakeFiles/libgroonga.dir/nfkc.c.o
[ 19%] Building C object storage/mroonga/vendor/groonga/lib/CMakeFiles/libgroonga.dir/nfkc50.c.o
[ 20%] Built target duckdb_optimizer_statistics_op
[ 20%] Building CXX object src/planner/expression/CMakeFiles/duckdb_planner_expression.dir/ub_duckdb_planner_expression.cpp.o
[ 19%] Building C object storage/mroonga/vendor/groonga/lib/CMakeFiles/libgroonga.dir/normalizer.c.o
[ 19%] Building C object storage/mroonga/vendor/groonga/lib/CMakeFiles/libgroonga.dir/obj.c.o
[ 19%] Building C object storage/mroonga/vendor/groonga/lib/CMakeFiles/libgroonga.dir/operator.c.o
[ 19%] Building CXX object storage/rocksdb/CMakeFiles/rocksdblib.dir/rocksdb/db/db_impl/db_impl_readonly.cc.o
[ 20%] Built target duckdb_planner_expression
[ 20%] Building CXX object src/planner/binder/expression/CMakeFiles/duckdb_bind_expression.dir/ub_duckdb_bind_expression.cpp.o
[ 20%] Built target duckdb_planner
[ 20%] Building CXX object src/planner/binder/query_node/CMakeFiles/duckdb_bind_query_node.dir/ub_duckdb_bind_query_node.cpp.o
[ 19%] Building CXX object storage/rocksdb/CMakeFiles/rocksdblib.dir/rocksdb/db/db_impl/db_impl_secondary.cc.o
[ 19%] Building C object storage/mroonga/vendor/groonga/lib/CMakeFiles/libgroonga.dir/output.c.o
[ 19%] Building CXX object storage/rocksdb/CMakeFiles/rocksdblib.dir/rocksdb/db/db_impl/db_impl_write.cc.o
[ 20%] Built target duckdb_bind_expression
[ 19%] Building CXX object storage/rocksdb/CMakeFiles/rocksdblib.dir/rocksdb/db/db_info_dumper.cc.o
[ 19%] Building C object storage/mroonga/vendor/groonga/lib/CMakeFiles/libgroonga.dir/pat.c.o
[ 19%] Building CXX object storage/rocksdb/CMakeFiles/rocksdblib.dir/rocksdb/db/db_iter.cc.o
[ 19%] Building C object storage/mroonga/vendor/groonga/lib/CMakeFiles/libgroonga.dir/plugin.c.o
[ 20%] Built target duckdb_bind_query_node
[ 20%] Building CXX object src/planner/binder/statement/CMakeFiles/duckdb_bind_statement.dir/ub_duckdb_bind_statement.cpp.o
[ 19%] Building C object storage/mroonga/vendor/groonga/lib/CMakeFiles/libgroonga.dir/proc.c.o
[ 19%] Building C object storage/mroonga/vendor/groonga/lib/CMakeFiles/libgroonga.dir/raw_string.c.o
[ 19%] Building C object storage/mroonga/vendor/groonga/lib/CMakeFiles/libgroonga.dir/report.c.o
[ 19%] Building C object storage/mroonga/vendor/groonga/lib/CMakeFiles/libgroonga.dir/request_canceler.c.o
[ 19%] Building C object storage/mroonga/vendor/groonga/lib/CMakeFiles/libgroonga.dir/request_timer.c.o
[ 19%] Building C object storage/mroonga/vendor/groonga/lib/CMakeFiles/libgroonga.dir/rset.c.o
[ 19%] Building C object storage/mroonga/vendor/groonga/lib/CMakeFiles/libgroonga.dir/scanner.c.o
[ 19%] Building C object storage/mroonga/vendor/groonga/lib/CMakeFiles/libgroonga.dir/scorer.c.o
[ 20%] Building C object storage/mroonga/vendor/groonga/lib/CMakeFiles/libgroonga.dir/scorers.c.o
[ 20%] Building C object storage/mroonga/vendor/groonga/lib/CMakeFiles/libgroonga.dir/snip.c.o
[ 20%] Building C object storage/mroonga/vendor/groonga/lib/CMakeFiles/libgroonga.dir/store.c.o
[ 20%] Building CXX object storage/rocksdb/CMakeFiles/rocksdblib.dir/rocksdb/db/error_handler.cc.o
[ 20%] Building CXX object storage/rocksdb/CMakeFiles/rocksdblib.dir/rocksdb/db/event_helpers.cc.o
[ 20%] Building C object storage/mroonga/vendor/groonga/lib/CMakeFiles/libgroonga.dir/str.c.o
[ 20%] Building C object storage/mroonga/vendor/groonga/lib/CMakeFiles/libgroonga.dir/string.c.o
[ 20%] Building C object storage/mroonga/vendor/groonga/lib/CMakeFiles/libgroonga.dir/table.c.o
[ 20%] Building C object storage/mroonga/vendor/groonga/lib/CMakeFiles/libgroonga.dir/thread.c.o
[ 20%] Building C object storage/mroonga/vendor/groonga/lib/CMakeFiles/libgroonga.dir/time.c.o
[ 20%] Building CXX object storage/rocksdb/CMakeFiles/rocksdblib.dir/rocksdb/db/experimental.cc.o
[ 20%] Building C object storage/mroonga/vendor/groonga/lib/CMakeFiles/libgroonga.dir/token_cursor.c.o
[ 20%] Building C object storage/mroonga/vendor/groonga/lib/CMakeFiles/libgroonga.dir/tokenizer.c.o
[ 20%] Building C object storage/mroonga/vendor/groonga/lib/CMakeFiles/libgroonga.dir/tokenizers.c.o
[ 20%] Building C object storage/mroonga/vendor/groonga/lib/CMakeFiles/libgroonga.dir/token_filter.c.o
[ 20%] Building C object storage/mroonga/vendor/groonga/lib/CMakeFiles/libgroonga.dir/util.c.o
[ 20%] Building CXX object storage/rocksdb/CMakeFiles/rocksdblib.dir/rocksdb/db/external_sst_file_ingestion_job.cc.o
[ 20%] Building C object storage/mroonga/vendor/groonga/lib/CMakeFiles/libgroonga.dir/windows.c.o
[ 20%] Building C object storage/mroonga/vendor/groonga/lib/CMakeFiles/libgroonga.dir/windows_event_logger.c.o
[ 20%] Building C object storage/mroonga/vendor/groonga/lib/CMakeFiles/libgroonga.dir/file_reader.c.o
[ 20%] Building C object storage/mroonga/vendor/groonga/lib/CMakeFiles/libgroonga.dir/window_function.c.o
[ 20%] Building C object storage/mroonga/vendor/groonga/lib/CMakeFiles/libgroonga.dir/window_functions.c.o
[ 20%] Building CXX object storage/mroonga/vendor/groonga/lib/CMakeFiles/libgroonga.dir/arrow.cpp.o
[ 20%] Building CXX object storage/mroonga/vendor/groonga/lib/CMakeFiles/libgroonga.dir/dat.cpp.o
[ 20%] Building CXX object storage/rocksdb/CMakeFiles/rocksdblib.dir/rocksdb/db/file_indexer.cc.o
[ 20%] Building CXX object storage/mroonga/vendor/groonga/lib/CMakeFiles/libgroonga.dir/dat/cursor-factory.cpp.o
[ 20%] Building CXX object storage/mroonga/vendor/groonga/lib/CMakeFiles/libgroonga.dir/dat/file-impl.cpp.o
[ 21%] Building CXX object storage/mroonga/vendor/groonga/lib/CMakeFiles/libgroonga.dir/dat/file.cpp.o
[ 21%] Building CXX object storage/mroonga/vendor/groonga/lib/CMakeFiles/libgroonga.dir/dat/id-cursor.cpp.o
[ 21%] Building CXX object storage/mroonga/vendor/groonga/lib/CMakeFiles/libgroonga.dir/dat/key-cursor.cpp.o
[ 21%] Building CXX object storage/mroonga/vendor/groonga/lib/CMakeFiles/libgroonga.dir/dat/predictive-cursor.cpp.o
[ 21%] Building CXX object storage/mroonga/vendor/groonga/lib/CMakeFiles/libgroonga.dir/dat/prefix-cursor.cpp.o
[ 21%] Building CXX object storage/mroonga/vendor/groonga/lib/CMakeFiles/libgroonga.dir/dat/trie.cpp.o
[ 21%] Building CXX object storage/rocksdb/CMakeFiles/rocksdblib.dir/rocksdb/db/flush_job.cc.o
[ 21%] Building C object storage/mroonga/vendor/groonga/lib/CMakeFiles/libgroonga.dir/mrb/mrb_accessor.c.o
[ 21%] Building C object storage/mroonga/vendor/groonga/lib/CMakeFiles/libgroonga.dir/mrb/mrb_array.c.o
[ 21%] Building C object storage/mroonga/vendor/groonga/lib/CMakeFiles/libgroonga.dir/mrb/mrb_bulk.c.o
[ 21%] Building C object storage/mroonga/vendor/groonga/lib/CMakeFiles/libgroonga.dir/mrb/mrb_cache.c.o
[ 21%] Building C object storage/mroonga/vendor/groonga/lib/CMakeFiles/libgroonga.dir/mrb/mrb_column.c.o
[ 21%] Building C object storage/mroonga/vendor/groonga/lib/CMakeFiles/libgroonga.dir/mrb/mrb_command.c.o
[ 21%] Building C object storage/mroonga/vendor/groonga/lib/CMakeFiles/libgroonga.dir/mrb/mrb_command_input.c.o
[ 21%] Building C object storage/mroonga/vendor/groonga/lib/CMakeFiles/libgroonga.dir/mrb/mrb_command_version.c.o
[ 21%] Building C object storage/mroonga/vendor/groonga/lib/CMakeFiles/libgroonga.dir/mrb/mrb_config.c.o
[ 21%] Building C object storage/mroonga/vendor/groonga/lib/CMakeFiles/libgroonga.dir/mrb/mrb_content_type.c.o
[ 21%] Building C object storage/mroonga/vendor/groonga/lib/CMakeFiles/libgroonga.dir/mrb/mrb_converter.c.o
[ 21%] Building C object storage/mroonga/vendor/groonga/lib/CMakeFiles/libgroonga.dir/mrb/mrb_ctx.c.o
[ 21%] Building C object storage/mroonga/vendor/groonga/lib/CMakeFiles/libgroonga.dir/mrb/mrb_database.c.o
[ 21%] Building C object storage/mroonga/vendor/groonga/lib/CMakeFiles/libgroonga.dir/mrb/mrb_double_array_trie.c.o
[ 21%] Building C object storage/mroonga/vendor/groonga/lib/CMakeFiles/libgroonga.dir/mrb/mrb_error.c.o
[ 22%] Building C object storage/mroonga/vendor/groonga/lib/CMakeFiles/libgroonga.dir/mrb/mrb_eval_context.c.o
[ 22%] Building C object storage/mroonga/vendor/groonga/lib/CMakeFiles/libgroonga.dir/mrb/mrb_expr.c.o
[ 22%] Building C object storage/mroonga/vendor/groonga/lib/CMakeFiles/libgroonga.dir/mrb/mrb_fixed_size_column.c.o
[ 22%] Building C object storage/mroonga/vendor/groonga/lib/CMakeFiles/libgroonga.dir/mrb/mrb_hash_table.c.o
[ 22%] Building C object storage/mroonga/vendor/groonga/lib/CMakeFiles/libgroonga.dir/mrb/mrb_id.c.o
[ 22%] Building C object storage/mroonga/vendor/groonga/lib/CMakeFiles/libgroonga.dir/mrb/mrb_indexable.c.o
[ 22%] Building C object storage/mroonga/vendor/groonga/lib/CMakeFiles/libgroonga.dir/mrb/mrb_index_column.c.o
[ 22%] Building C object storage/mroonga/vendor/groonga/lib/CMakeFiles/libgroonga.dir/mrb/mrb_index_cursor.c.o
[ 22%] Building C object storage/mroonga/vendor/groonga/lib/CMakeFiles/libgroonga.dir/mrb/mrb_logger.c.o
[ 22%] Building C object storage/mroonga/vendor/groonga/lib/CMakeFiles/libgroonga.dir/mrb/mrb_object.c.o
[ 22%] Building C object storage/mroonga/vendor/groonga/lib/CMakeFiles/libgroonga.dir/mrb/mrb_object_flags.c.o
[ 22%] Building C object storage/mroonga/vendor/groonga/lib/CMakeFiles/libgroonga.dir/mrb/mrb_operator.c.o
[ 22%] Building C object storage/mroonga/vendor/groonga/lib/CMakeFiles/libgroonga.dir/mrb/mrb_options.c.o
[ 22%] Building C object storage/mroonga/vendor/groonga/lib/CMakeFiles/libgroonga.dir/mrb/mrb_patricia_trie.c.o
[ 22%] Building C object storage/mroonga/vendor/groonga/lib/CMakeFiles/libgroonga.dir/mrb/mrb_pointer.c.o
[ 22%] Building CXX object storage/rocksdb/CMakeFiles/rocksdblib.dir/rocksdb/db/flush_scheduler.cc.o
[ 22%] Building C object storage/mroonga/vendor/groonga/lib/CMakeFiles/libgroonga.dir/mrb/mrb_procedure.c.o
[ 22%] Building C object storage/mroonga/vendor/groonga/lib/CMakeFiles/libgroonga.dir/mrb/mrb_query_logger.c.o
[ 22%] Building C object storage/mroonga/vendor/groonga/lib/CMakeFiles/libgroonga.dir/mrb/mrb_record.c.o
[ 22%] Building C object storage/mroonga/vendor/groonga/lib/CMakeFiles/libgroonga.dir/mrb/mrb_table.c.o
[ 22%] Building C object storage/mroonga/vendor/groonga/lib/CMakeFiles/libgroonga.dir/mrb/mrb_table_cursor.c.o
[ 22%] Building C object storage/mroonga/vendor/groonga/lib/CMakeFiles/libgroonga.dir/mrb/mrb_table_cursor_flags.c.o
[ 22%] Building C object storage/mroonga/vendor/groonga/lib/CMakeFiles/libgroonga.dir/mrb/mrb_table_group_flags.c.o
[ 23%] Building C object storage/mroonga/vendor/groonga/lib/CMakeFiles/libgroonga.dir/mrb/mrb_table_group_result.c.o
[ 23%] Building C object storage/mroonga/vendor/groonga/lib/CMakeFiles/libgroonga.dir/mrb/mrb_table_sort_flags.c.o
[ 23%] Building C object storage/mroonga/vendor/groonga/lib/CMakeFiles/libgroonga.dir/mrb/mrb_table_sort_key.c.o
[ 23%] Building C object storage/mroonga/vendor/groonga/lib/CMakeFiles/libgroonga.dir/mrb/mrb_thread.c.o
[ 23%] Building C object storage/mroonga/vendor/groonga/lib/CMakeFiles/libgroonga.dir/mrb/mrb_type.c.o
[ 23%] Building C object storage/mroonga/vendor/groonga/lib/CMakeFiles/libgroonga.dir/mrb/mrb_variable_size_column.c.o
[ 23%] Building C object storage/mroonga/vendor/groonga/lib/CMakeFiles/libgroonga.dir/mrb/mrb_void.c.o
[ 23%] Building C object storage/mroonga/vendor/groonga/lib/CMakeFiles/libgroonga.dir/mrb/mrb_window_definition.c.o
[ 23%] Building C object storage/mroonga/vendor/groonga/lib/CMakeFiles/libgroonga.dir/mrb/mrb_writer.c.o
[ 23%] Building C object storage/mroonga/vendor/groonga/lib/CMakeFiles/libgroonga.dir/proc/proc_column.c.o
[ 23%] Building C object storage/mroonga/vendor/groonga/lib/CMakeFiles/libgroonga.dir/proc/proc_config.c.o
[ 23%] Building C object storage/mroonga/vendor/groonga/lib/CMakeFiles/libgroonga.dir/proc/proc_dump.c.o
[ 23%] Building C object storage/mroonga/vendor/groonga/lib/CMakeFiles/libgroonga.dir/proc/proc_fuzzy_search.c.o
[ 23%] Building C object storage/mroonga/vendor/groonga/lib/CMakeFiles/libgroonga.dir/proc/proc_highlight.c.o
[ 23%] Building CXX object storage/rocksdb/CMakeFiles/rocksdblib.dir/rocksdb/db/forward_iterator.cc.o
[ 23%] Building C object storage/mroonga/vendor/groonga/lib/CMakeFiles/libgroonga.dir/proc/proc_in_records.c.o
[ 23%] Building C object storage/mroonga/vendor/groonga/lib/CMakeFiles/libgroonga.dir/proc/proc_lock.c.o
[ 23%] Building C object storage/mroonga/vendor/groonga/lib/CMakeFiles/libgroonga.dir/proc/proc_object.c.o
[ 23%] Building C object storage/mroonga/vendor/groonga/lib/CMakeFiles/libgroonga.dir/proc/proc_object_inspect.c.o
[ 23%] Building C object storage/mroonga/vendor/groonga/lib/CMakeFiles/libgroonga.dir/proc/proc_object_list.c.o
[ 23%] Building C object storage/mroonga/vendor/groonga/lib/CMakeFiles/libgroonga.dir/proc/proc_query.c.o
[ 23%] Building C object storage/mroonga/vendor/groonga/lib/CMakeFiles/libgroonga.dir/proc/proc_query_log_flags.c.o
[ 23%] Building C object storage/mroonga/vendor/groonga/lib/CMakeFiles/libgroonga.dir/proc/proc_schema.c.o
[ 23%] Building CXX object storage/rocksdb/CMakeFiles/rocksdblib.dir/rocksdb/db/import_column_family_job.cc.o
[ 24%] Building C object storage/mroonga/vendor/groonga/lib/CMakeFiles/libgroonga.dir/proc/proc_select.c.o
[ 24%] Building C object storage/mroonga/vendor/groonga/lib/CMakeFiles/libgroonga.dir/proc/proc_snippet.c.o
[ 24%] Building C object storage/mroonga/vendor/groonga/lib/CMakeFiles/libgroonga.dir/proc/proc_table.c.o
[ 24%] Building C object storage/mroonga/vendor/groonga/lib/CMakeFiles/libgroonga.dir/proc/proc_tokenize.c.o
[ 24%] Building C object storage/mroonga/vendor/groonga/lib/CMakeFiles/libgroonga.dir/ts/ts_buf.c.o
[ 24%] Building C object storage/mroonga/vendor/groonga/lib/CMakeFiles/libgroonga.dir/ts/ts_cursor.c.o
[ 24%] Building C object storage/mroonga/vendor/groonga/lib/CMakeFiles/libgroonga.dir/ts/ts_expr.c.o
[ 24%] Building C object storage/mroonga/vendor/groonga/lib/CMakeFiles/libgroonga.dir/ts/ts_expr_builder.c.o
[ 24%] Building C object storage/mroonga/vendor/groonga/lib/CMakeFiles/libgroonga.dir/ts/ts_expr_node.c.o
[ 20%] Built target duckdb_bind_statement
[ 21%] Building CXX object src/planner/binder/tableref/CMakeFiles/duckdb_bind_tableref.dir/ub_duckdb_bind_tableref.cpp.o
[ 24%] Building CXX object storage/rocksdb/CMakeFiles/rocksdblib.dir/rocksdb/db/internal_stats.cc.o
[ 24%] Building CXX object storage/rocksdb/CMakeFiles/rocksdblib.dir/rocksdb/db/log_reader.cc.o
[ 24%] Building CXX object storage/rocksdb/CMakeFiles/rocksdblib.dir/rocksdb/db/logs_with_prep_tracker.cc.o
[ 24%] Building C object storage/mroonga/vendor/groonga/lib/CMakeFiles/libgroonga.dir/ts/ts_expr_parser.c.o
[ 24%] Building CXX object storage/rocksdb/CMakeFiles/rocksdblib.dir/rocksdb/db/log_writer.cc.o
[ 24%] Building C object storage/mroonga/vendor/groonga/lib/CMakeFiles/libgroonga.dir/ts/ts_op.c.o
[ 24%] Building C object storage/mroonga/vendor/groonga/lib/CMakeFiles/libgroonga.dir/ts/ts_plan.c.o
[ 24%] Building C object storage/mroonga/vendor/groonga/lib/CMakeFiles/libgroonga.dir/ts/ts_sorter.c.o
[ 24%] Building C object storage/mroonga/vendor/groonga/lib/CMakeFiles/libgroonga.dir/ts/ts_str.c.o
[ 24%] Building C object storage/mroonga/vendor/groonga/lib/CMakeFiles/libgroonga.dir/ts/ts_util.c.o
[ 24%] Linking CXX static library libgroonga.a
[ 25%] Building CXX object storage/rocksdb/CMakeFiles/rocksdblib.dir/rocksdb/db/malloc_stats.cc.o
[ 25%] Built target libgroonga
[ 25%] Building C object mysys/CMakeFiles/mysys.dir/array.c.o
[ 25%] Building CXX object storage/rocksdb/CMakeFiles/rocksdblib.dir/rocksdb/db/memtable.cc.o
[ 25%] Building C object mysys/CMakeFiles/mysys.dir/charset-def.c.o
[ 25%] Building C object mysys/CMakeFiles/mysys.dir/charset.c.o
[ 25%] Building C object mysys/CMakeFiles/mysys.dir/my_default.c.o
[ 25%] Building C object mysys/CMakeFiles/mysys.dir/get_password.c.o
[ 25%] Building C object mysys/CMakeFiles/mysys.dir/errors.c.o
[ 25%] Building C object mysys/CMakeFiles/mysys.dir/hash.c.o
[ 25%] Building C object mysys/CMakeFiles/mysys.dir/list.c.o
[ 25%] Building C object mysys/CMakeFiles/mysys.dir/mf_cache.c.o
[ 25%] Building C object mysys/CMakeFiles/mysys.dir/mf_dirname.c.o
[ 25%] Building C object mysys/CMakeFiles/mysys.dir/mf_fn_ext.c.o
[ 25%] Building C object mysys/CMakeFiles/mysys.dir/mf_format.c.o
[ 25%] Building C object mysys/CMakeFiles/mysys.dir/mf_getdate.c.o
[ 25%] Building C object mysys/CMakeFiles/mysys.dir/mf_iocache.c.o
[ 25%] Building CXX object storage/rocksdb/CMakeFiles/rocksdblib.dir/rocksdb/db/memtable_list.cc.o
[ 25%] Building C object mysys/CMakeFiles/mysys.dir/mf_iocache2.c.o
[ 25%] Building C object mysys/CMakeFiles/mysys.dir/mf_keycache.c.o
[ 25%] Building C object mysys/CMakeFiles/mysys.dir/mf_keycaches.c.o
[ 25%] Building C object mysys/CMakeFiles/mysys.dir/mf_loadpath.c.o
[ 25%] Building C object mysys/CMakeFiles/mysys.dir/mf_pack.c.o
[ 25%] Building C object mysys/CMakeFiles/mysys.dir/mf_path.c.o
[ 26%] Building C object mysys/CMakeFiles/mysys.dir/mf_qsort.c.o
[ 26%] Building C object mysys/CMakeFiles/mysys.dir/mf_qsort2.c.o
[ 26%] Building CXX object storage/rocksdb/CMakeFiles/rocksdblib.dir/rocksdb/db/merge_helper.cc.o
[ 26%] Building C object mysys/CMakeFiles/mysys.dir/mf_radix.c.o
[ 26%] Building C object mysys/CMakeFiles/mysys.dir/mf_same.c.o
[ 26%] Building C object mysys/CMakeFiles/mysys.dir/mf_sort.c.o
[ 26%] Building C object mysys/CMakeFiles/mysys.dir/mf_soundex.c.o
[ 26%] Building C object mysys/CMakeFiles/mysys.dir/mf_arr_appstr.c.o
[ 26%] Building C object mysys/CMakeFiles/mysys.dir/mf_tempdir.c.o
[ 26%] Building C object mysys/CMakeFiles/mysys.dir/mf_tempfile.c.o
[ 26%] Building C object mysys/CMakeFiles/mysys.dir/mf_unixpath.c.o
[ 26%] Building C object mysys/CMakeFiles/mysys.dir/mf_wcomp.c.o
[ 26%] Building C object mysys/CMakeFiles/mysys.dir/mulalloc.c.o
[ 26%] Building C object mysys/CMakeFiles/mysys.dir/my_access.c.o
[ 26%] Building C object mysys/CMakeFiles/mysys.dir/my_alloc.c.o
[ 26%] Building C object mysys/CMakeFiles/mysys.dir/my_bit.c.o
[ 26%] Building C object mysys/CMakeFiles/mysys.dir/my_bitmap.c.o
[ 26%] Building C object mysys/CMakeFiles/mysys.dir/my_chsize.c.o
[ 26%] Building C object mysys/CMakeFiles/mysys.dir/my_compress.c.o
[ 26%] Building C object mysys/CMakeFiles/mysys.dir/my_copy.c.o
[ 26%] Building C object mysys/CMakeFiles/mysys.dir/my_create.c.o
[ 26%] Building C object mysys/CMakeFiles/mysys.dir/my_delete.c.o
[ 27%] Building C object mysys/CMakeFiles/mysys.dir/my_div.c.o
[ 27%] Building C object mysys/CMakeFiles/mysys.dir/my_error.c.o
[ 27%] Building C object mysys/CMakeFiles/mysys.dir/my_file.c.o
[ 27%] Building C object mysys/CMakeFiles/mysys.dir/my_fopen.c.o
[ 27%] Building C object mysys/CMakeFiles/mysys.dir/my_fstream.c.o
[ 27%] Building CXX object storage/rocksdb/CMakeFiles/rocksdblib.dir/rocksdb/db/merge_operator.cc.o
[ 27%] Building C object mysys/CMakeFiles/mysys.dir/my_getexe.c.o
[ 27%] Building CXX object storage/rocksdb/CMakeFiles/rocksdblib.dir/rocksdb/db/output_validator.cc.o
[ 27%] Building C object mysys/CMakeFiles/mysys.dir/my_gethwaddr.c.o
[ 27%] Building C object mysys/CMakeFiles/mysys.dir/my_getopt.c.o
[ 27%] Building CXX object storage/rocksdb/CMakeFiles/rocksdblib.dir/rocksdb/db/periodic_work_scheduler.cc.o
[ 27%] Building C object mysys/CMakeFiles/mysys.dir/my_getsystime.c.o
[ 27%] Building C object mysys/CMakeFiles/mysys.dir/my_getwd.c.o
[ 27%] Building CXX object storage/rocksdb/CMakeFiles/rocksdblib.dir/rocksdb/db/range_del_aggregator.cc.o
[ 27%] Building C object mysys/CMakeFiles/mysys.dir/my_compare.c.o
[ 27%] Building C object mysys/CMakeFiles/mysys.dir/my_init.c.o
[ 27%] Building C object mysys/CMakeFiles/mysys.dir/my_lib.c.o
[ 27%] Building C object mysys/CMakeFiles/mysys.dir/my_lock.c.o
[ 27%] Building C object mysys/CMakeFiles/mysys.dir/my_malloc.c.o
[ 27%] Building C object mysys/CMakeFiles/mysys.dir/my_mess.c.o
[ 27%] Building C object mysys/CMakeFiles/mysys.dir/my_mkdir.c.o
[ 27%] Building C object mysys/CMakeFiles/mysys.dir/my_mmap.c.o
[ 27%] Building C object mysys/CMakeFiles/mysys.dir/my_once.c.o
[ 27%] Building C object mysys/CMakeFiles/mysys.dir/my_open.c.o
[ 21%] Built target duckdb_bind_tableref
[ 21%] Building CXX object src/planner/expression_binder/CMakeFiles/duckdb_expression_binders.dir/ub_duckdb_expression_binders.cpp.o
[ 27%] Building C object mysys/CMakeFiles/mysys.dir/my_pread.c.o
[ 27%] Building C object mysys/CMakeFiles/mysys.dir/my_pthread.c.o
[ 28%] Building C object mysys/CMakeFiles/mysys.dir/my_quick.c.o
[ 28%] Building C object mysys/CMakeFiles/mysys.dir/my_read.c.o
[ 28%] Building C object mysys/CMakeFiles/mysys.dir/my_redel.c.o
[ 28%] Building C object mysys/CMakeFiles/mysys.dir/my_rename.c.o
[ 28%] Building C object mysys/CMakeFiles/mysys.dir/my_seek.c.o
[ 28%] Building C object mysys/CMakeFiles/mysys.dir/my_sleep.c.o
[ 28%] Building C object mysys/CMakeFiles/mysys.dir/my_static.c.o
[ 28%] Building C object mysys/CMakeFiles/mysys.dir/my_symlink.c.o
[ 28%] Building C object mysys/CMakeFiles/mysys.dir/my_symlink2.c.o
[ 28%] Building C object mysys/CMakeFiles/mysys.dir/my_sync.c.o
[ 28%] Building C object mysys/CMakeFiles/mysys.dir/my_thr_init.c.o
[ 28%] Building C object mysys/CMakeFiles/mysys.dir/my_basename.c.o
[ 28%] Building C object mysys/CMakeFiles/mysys.dir/my_write.c.o
[ 28%] Building C object mysys/CMakeFiles/mysys.dir/ptr_cmp.c.o
[ 28%] Building CXX object storage/rocksdb/CMakeFiles/rocksdblib.dir/rocksdb/db/range_tombstone_fragmenter.cc.o
[ 28%] Building C object mysys/CMakeFiles/mysys.dir/queues.c.o
[ 28%] Building C object mysys/CMakeFiles/mysys.dir/stacktrace.c.o
[ 28%] Building CXX object storage/rocksdb/CMakeFiles/rocksdblib.dir/rocksdb/db/repair.cc.o
[ 28%] Building C object mysys/CMakeFiles/mysys.dir/string.c.o
[ 28%] Building C object mysys/CMakeFiles/mysys.dir/thr_lock.c.o
[ 28%] Building C object mysys/CMakeFiles/mysys.dir/thr_mutex.c.o
[ 28%] Building C object mysys/CMakeFiles/mysys.dir/thr_rwlock.c.o
[ 28%] Building C object mysys/CMakeFiles/mysys.dir/thr_timer.c.o
[ 29%] Building C object mysys/CMakeFiles/mysys.dir/my_stack.c.o
[ 29%] Building C object mysys/CMakeFiles/mysys.dir/tree.c.o
[ 29%] Building C object mysys/CMakeFiles/mysys.dir/typelib.c.o
[ 29%] Building C object mysys/CMakeFiles/mysys.dir/base64.c.o
[ 29%] Building C object mysys/CMakeFiles/mysys.dir/my_memmem.c.o
[ 29%] Building C object mysys/CMakeFiles/mysys.dir/my_getpagesize.c.o
[ 29%] Building C object mysys/CMakeFiles/mysys.dir/guess_malloc_library.c.o
[ 29%] Building C object mysys/CMakeFiles/mysys.dir/lf_alloc-pin.c.o
[ 29%] Building C object mysys/CMakeFiles/mysys.dir/lf_dynarray.c.o
[ 29%] Building CXX object mysys/CMakeFiles/mysys.dir/lf_hash.cc.o
[ 29%] Building C object mysys/CMakeFiles/mysys.dir/safemalloc.c.o
[ 29%] Building CXX object storage/rocksdb/CMakeFiles/rocksdblib.dir/rocksdb/db/snapshot_impl.cc.o
[ 29%] Building CXX object mysys/CMakeFiles/mysys.dir/my_new.cc.o
[ 29%] Building C object mysys/CMakeFiles/mysys.dir/my_getncpus.c.o
[ 29%] Building C object mysys/CMakeFiles/mysys.dir/my_safehash.c.o
[ 29%] Building C object mysys/CMakeFiles/mysys.dir/my_chmod.c.o
[ 29%] Building C object mysys/CMakeFiles/mysys.dir/my_rnd.c.o
[ 29%] Building CXX object storage/rocksdb/CMakeFiles/rocksdblib.dir/rocksdb/db/table_cache.cc.o
[ 29%] Building C object mysys/CMakeFiles/mysys.dir/my_uuid.c.o
[ 29%] Building C object mysys/CMakeFiles/mysys.dir/wqueue.c.o
[ 29%] Building C object mysys/CMakeFiles/mysys.dir/waiting_threads.c.o
[ 29%] Building C object mysys/CMakeFiles/mysys.dir/ma_dyncol.c.o
[ 29%] Building C object mysys/CMakeFiles/mysys.dir/__/sql-common/my_time.c.o
[ 21%] Built target duckdb_expression_binders
[ 21%] Building CXX object src/planner/filter/CMakeFiles/duckdb_planner_filter.dir/ub_duckdb_planner_filter.cpp.o
[ 29%] Building C object mysys/CMakeFiles/mysys.dir/my_rdtsc.c.o
[ 30%] Building C object mysys/CMakeFiles/mysys.dir/psi_noop.c.o
[ 30%] Building C object mysys/CMakeFiles/mysys.dir/my_atomic_writes.c.o
[ 30%] Building C object mysys/CMakeFiles/mysys.dir/my_cpu.c.o
[ 30%] Building C object mysys/CMakeFiles/mysys.dir/my_likely.c.o
[ 30%] Building CXX object storage/rocksdb/CMakeFiles/rocksdblib.dir/rocksdb/db/table_properties_collector.cc.o
[ 30%] Building C object mysys/CMakeFiles/mysys.dir/my_largepage.c.o
[ 30%] Building C object mysys/CMakeFiles/mysys.dir/file_logger.c.o
[ 30%] Building C object mysys/CMakeFiles/mysys.dir/my_dlerror.c.o
[ 30%] Building CXX object mysys/CMakeFiles/mysys.dir/crc32/crc32c.cc.o
[ 30%] Building CXX object mysys/CMakeFiles/mysys.dir/my_timezone.cc.o
[ 30%] Building CXX object mysys/CMakeFiles/mysys.dir/my_compr_int.cc.o
[ 30%] Building CXX object mysys/CMakeFiles/mysys.dir/my_thread_name.cc.o
[ 30%] Building C object mysys/CMakeFiles/mysys.dir/my_virtual_mem.c.o
[ 30%] Building C object mysys/CMakeFiles/mysys.dir/crc32/crc32_x86.c.o
[ 30%] Building CXX object storage/rocksdb/CMakeFiles/rocksdblib.dir/rocksdb/db/transaction_log_impl.cc.o
[ 30%] Building CXX object mysys/CMakeFiles/mysys.dir/crc32/crc32c_x86.cc.o
[ 30%] Building CXX object mysys/CMakeFiles/mysys.dir/crc32/crc32c_amd64.cc.o
[ 30%] Building CXX object mysys/CMakeFiles/mysys.dir/crc32ieee.cc.o
[ 30%] Building C object mysys/CMakeFiles/mysys.dir/my_addr_resolve.c.o
[ 30%] Building C object mysys/CMakeFiles/mysys.dir/my_setuser.c.o
[ 30%] Building C object mysys/CMakeFiles/mysys.dir/my_lockmem.c.o
[ 30%] Generating libmysqlclient.so
[ 30%] Built target SYM_libmysqlclient.so
[ 30%] Generating libmysqlclient_r.so
[ 30%] Built target SYM_libmysqlclient_r.so
[ 30%] Linking CXX static library libmysys.a
[ 30%] Building C object storage/mroonga/vendor/groonga/vendor/plugins/groonga-normalizer-mysql/normalizers/CMakeFiles/mysql_normalizer.dir/mysql.c.o
[ 30%] Built target mysys
[ 30%] Building C object storage/mroonga/vendor/groonga/plugins/suggest/CMakeFiles/suggest.dir/suggest.c.o
[ 30%] Linking CXX static library libmysql_normalizer.a
[ 30%] Built target mysql_normalizer
[ 30%] Building C object storage/mroonga/vendor/groonga/plugins/query_expanders/CMakeFiles/tsv_query_expander.dir/tsv.c.o
[ 30%] Linking CXX static library libtsv_query_expander.a
[ 30%] Built target tsv_query_expander
[ 30%] Building C object storage/mroonga/vendor/groonga/plugins/token_filters/CMakeFiles/stop_word_token_filter.dir/stop_word.c.o
[ 30%] Linking CXX static library libstop_word_token_filter.a
[ 30%] Built target stop_word_token_filter
[ 30%] Building C object storage/mroonga/vendor/groonga/plugins/token_filters/CMakeFiles/stem_token_filter.dir/stem.c.o
[ 30%] Linking CXX static library libsuggest.a
[ 30%] Built target suggest
[ 30%] Building C object storage/mroonga/vendor/groonga/plugins/functions/CMakeFiles/vector_functions.dir/vector.c.o
[ 30%] Linking CXX static library libstem_token_filter.a
[ 30%] Built target stem_token_filter
[ 30%] Building C object storage/mroonga/vendor/groonga/plugins/functions/CMakeFiles/string_functions.dir/string.c.o
[ 30%] Linking CXX static library libvector_functions.a
[ 30%] Built target vector_functions
[ 30%] Building C object storage/mroonga/vendor/groonga/plugins/functions/CMakeFiles/number_functions.dir/number.c.o
[ 30%] Linking CXX static library libstring_functions.a
[ 30%] Built target string_functions
[ 30%] Building C object storage/mroonga/vendor/groonga/plugins/functions/CMakeFiles/time_functions.dir/time.c.o
[ 30%] Linking CXX static library libnumber_functions.a
[ 30%] Built target number_functions
[ 30%] Building C object storage/mroonga/vendor/groonga/plugins/functions/CMakeFiles/index_column_functions.dir/index_column.c.o
[ 30%] Linking CXX static library libtime_functions.a
[ 30%] Built target time_functions
[ 30%] Linking CXX static library libindex_column_functions.a
[ 31%] Building C object storage/mroonga/vendor/groonga/plugins/functions/CMakeFiles/math_functions.dir/math.c.o
[ 31%] Built target index_column_functions
[ 21%] Building CXX object src/planner/operator/CMakeFiles/duckdb_planner_operator.dir/ub_duckdb_planner_operator.cpp.o
[ 31%] Linking CXX static library libmath_functions.a
[ 31%] Built target math_functions
[ 31%] Building C object strings/CMakeFiles/strings.dir/bchange.c.o
[ 31%] Building C object strings/CMakeFiles/strings.dir/bmove_upp.c.o
[ 31%] Building C object strings/CMakeFiles/strings.dir/ctype-big5.c.o
[ 31%] Building C object strings/CMakeFiles/strings.dir/ctype-bin.c.o
[ 31%] Building C object strings/CMakeFiles/strings.dir/ctype-cp932.c.o
[ 31%] Building CXX object storage/rocksdb/CMakeFiles/rocksdblib.dir/rocksdb/db/trim_history_scheduler.cc.o
[ 31%] Building C object strings/CMakeFiles/strings.dir/ctype-czech.c.o
[ 21%] Built target duckdb_planner_filter
[ 31%] Building C object strings/CMakeFiles/strings.dir/ctype-euc_kr.c.o
[ 21%] Building CXX object src/planner/subquery/CMakeFiles/duckdb_planner_subquery.dir/ub_duckdb_planner_subquery.cpp.o
[ 31%] Building C object strings/CMakeFiles/strings.dir/ctype-eucjpms.c.o
[ 31%] Building C object strings/CMakeFiles/strings.dir/ctype-extra.c.o
[ 31%] Building C object strings/CMakeFiles/strings.dir/ctype-gb2312.c.o
[ 31%] Building C object strings/CMakeFiles/strings.dir/ctype-gbk.c.o
[ 31%] Building CXX object storage/rocksdb/CMakeFiles/rocksdblib.dir/rocksdb/db/version_builder.cc.o
[ 31%] Building C object strings/CMakeFiles/strings.dir/ctype-latin1.c.o
[ 31%] Building C object strings/CMakeFiles/strings.dir/ctype-mb.c.o
[ 31%] Building C object strings/CMakeFiles/strings.dir/ctype-simple.c.o
[ 32%] Building C object strings/CMakeFiles/strings.dir/ctype-sjis.c.o
[ 32%] Building C object strings/CMakeFiles/strings.dir/ctype-tis620.c.o
[ 32%] Building C object strings/CMakeFiles/strings.dir/ctype-uca.c.o
[ 32%] Building C object strings/CMakeFiles/strings.dir/ctype-uca0900.c.o
[ 32%] Building CXX object storage/rocksdb/CMakeFiles/rocksdblib.dir/rocksdb/db/version_edit.cc.o
[ 32%] Building C object strings/CMakeFiles/strings.dir/ctype-uca1400.c.o
[ 32%] Building C object strings/CMakeFiles/strings.dir/ctype-ucs2.c.o
[ 21%] Built target duckdb_planner_subquery
[ 32%] Building C object strings/CMakeFiles/strings.dir/ctype-ujis.c.o
[ 21%] Built target duckdb_planner_operator
[ 21%] Building CXX object src/parser/CMakeFiles/duckdb_parser.dir/ub_duckdb_parser.cpp.o
[ 32%] Building C object strings/CMakeFiles/strings.dir/ctype-utf8.c.o
[ 32%] Building C object strings/CMakeFiles/strings.dir/ctype-win1250ch.c.o
[ 32%] Building C object strings/CMakeFiles/strings.dir/ctype.c.o
[ 32%] Building C object strings/CMakeFiles/strings.dir/decimal.c.o
[ 32%] Building C object strings/CMakeFiles/strings.dir/dtoa.c.o
[ 32%] Building C object strings/CMakeFiles/strings.dir/int2str.c.o
[ 32%] Building C object strings/CMakeFiles/strings.dir/ctype-unidata.c.o
[ 32%] Building C object strings/CMakeFiles/strings.dir/is_prefix.c.o
[ 32%] Building C object strings/CMakeFiles/strings.dir/llstr.c.o
[ 32%] Building C object strings/CMakeFiles/strings.dir/longlong2str.c.o
[ 32%] Building CXX object storage/rocksdb/CMakeFiles/rocksdblib.dir/rocksdb/db/version_edit_handler.cc.o
[ 32%] Building C object strings/CMakeFiles/strings.dir/my_strtoll10.c.o
[ 32%] Building C object strings/CMakeFiles/strings.dir/my_vsnprintf.c.o
[ 32%] Building C object strings/CMakeFiles/strings.dir/str2int.c.o
[ 32%] Building C object strings/CMakeFiles/strings.dir/strcend.c.o
[ 33%] Building C object strings/CMakeFiles/strings.dir/strend.c.o
[ 33%] Building C object strings/CMakeFiles/strings.dir/strfill.c.o
[ 33%] Building C object strings/CMakeFiles/strings.dir/strmake.c.o
[ 33%] Building C object strings/CMakeFiles/strings.dir/strnmov.c.o
[ 33%] Building C object strings/CMakeFiles/strings.dir/strxmov.c.o
[ 33%] Building C object strings/CMakeFiles/strings.dir/strxnmov.c.o
[ 33%] Building C object strings/CMakeFiles/strings.dir/xml.c.o
[ 33%] Building C object strings/CMakeFiles/strings.dir/strmov_overlapp.c.o
[ 33%] Building C object strings/CMakeFiles/strings.dir/my_strchr.c.o
[ 33%] Building C object strings/CMakeFiles/strings.dir/strcont.c.o
[ 33%] Building C object strings/CMakeFiles/strings.dir/strappend.c.o
[ 33%] Building C object strings/CMakeFiles/strings.dir/json_lib.c.o
[ 33%] Building C object strings/CMakeFiles/strings.dir/json_normalize.c.o
[ 33%] Building C object strings/CMakeFiles/strings.dir/hasher-mysql5x.c.o
[ 33%] Building C object strings/CMakeFiles/strings.dir/hasher-base31.c.o
[ 33%] Building C object strings/CMakeFiles/strings.dir/hasher-crc32c.c.o
[ 33%] Building C object strings/CMakeFiles/strings.dir/hasher-xxh.c.o
[ 21%] Building CXX object src/parser/constraints/CMakeFiles/duckdb_constraints.dir/ub_duckdb_constraints.cpp.o
[ 21%] Built target duckdb_constraints
[ 21%] Building CXX object src/parser/expression/CMakeFiles/duckdb_expression.dir/ub_duckdb_expression.cpp.o
[ 33%] Linking CXX static library libstrings.a
[ 33%] Built target strings
[ 21%] Building CXX object src/parser/parsed_data/CMakeFiles/duckdb_parsed_data.dir/ub_duckdb_parsed_data.cpp.o
[ 33%] Building CXX object storage/rocksdb/CMakeFiles/rocksdblib.dir/rocksdb/db/version_set.cc.o
[ 21%] Built target duckdb_parser
[ 21%] Building CXX object src/parser/query_node/CMakeFiles/duckdb_query_node.dir/ub_duckdb_query_node.cpp.o
[ 21%] Built target duckdb_expression
[ 21%] Building CXX object src/parser/statement/CMakeFiles/duckdb_statement.dir/ub_duckdb_statement.cpp.o
[ 21%] Built target duckdb_query_node
[ 21%] Building CXX object src/parser/tableref/CMakeFiles/duckdb_parser_tableref.dir/ub_duckdb_parser_tableref.cpp.o
[ 21%] Built target duckdb_parsed_data
[ 21%] Building CXX object src/parser/transform/constraint/CMakeFiles/duckdb_transformer_constraint.dir/ub_duckdb_transformer_constraint.cpp.o
[ 21%] Built target duckdb_statement
[ 22%] Building CXX object src/parser/transform/expression/CMakeFiles/duckdb_transformer_expression.dir/ub_duckdb_transformer_expression.cpp.o
[ 22%] Built target duckdb_transformer_constraint
[ 22%] Building CXX object src/parser/transform/helpers/CMakeFiles/duckdb_transformer_helpers.dir/ub_duckdb_transformer_helpers.cpp.o
[ 22%] Built target duckdb_parser_tableref
[ 22%] Building CXX object src/parser/transform/statement/CMakeFiles/duckdb_transformer_statement.dir/ub_duckdb_transformer_statement.cpp.o
[ 33%] Building CXX object storage/rocksdb/CMakeFiles/rocksdblib.dir/rocksdb/db/wal_edit.cc.o
[ 22%] Built target duckdb_transformer_helpers
[ 22%] Building CXX object src/parser/transform/tableref/CMakeFiles/duckdb_transformer_tableref.dir/ub_duckdb_transformer_tableref.cpp.o
[ 33%] Building CXX object storage/rocksdb/CMakeFiles/rocksdblib.dir/rocksdb/db/wal_manager.cc.o
[ 22%] Built target duckdb_transformer_expression
[ 22%] Building CXX object src/function/CMakeFiles/duckdb_function.dir/ub_duckdb_function.cpp.o
[ 34%] Building CXX object storage/rocksdb/CMakeFiles/rocksdblib.dir/rocksdb/db/write_batch_base.cc.o
[ 34%] Building CXX object storage/rocksdb/CMakeFiles/rocksdblib.dir/rocksdb/db/write_batch.cc.o
[ 22%] Built target duckdb_transformer_tableref
[ 22%] Building CXX object src/function/aggregate/CMakeFiles/duckdb_func_aggr.dir/ub_duckdb_func_aggr.cpp.o
[ 22%] Built target duckdb_transformer_statement
[ 22%] Building CXX object src/function/aggregate/distributive/CMakeFiles/duckdb_aggr_distr.dir/ub_duckdb_aggr_distr.cpp.o
[ 22%] Built target duckdb_func_aggr
[ 22%] Building CXX object src/function/cast/CMakeFiles/duckdb_func_cast.dir/ub_duckdb_func_cast.cpp.o
[ 34%] Building CXX object storage/rocksdb/CMakeFiles/rocksdblib.dir/rocksdb/db/write_controller.cc.o
[ 22%] Built target duckdb_function
[ 22%] Building CXX object src/function/cast/union/CMakeFiles/duckdb_union_cast.dir/ub_duckdb_union_cast.cpp.o
[ 34%] Building CXX object storage/rocksdb/CMakeFiles/rocksdblib.dir/rocksdb/db/write_thread.cc.o
[ 22%] Built target duckdb_union_cast
[ 22%] Building CXX object src/function/cast/variant/CMakeFiles/duckdb_variant_cast.dir/ub_duckdb_variant_cast.cpp.o
[ 34%] Building CXX object storage/rocksdb/CMakeFiles/rocksdblib.dir/rocksdb/env/composite_env.cc.o
[ 34%] Building CXX object storage/rocksdb/CMakeFiles/rocksdblib.dir/rocksdb/env/env.cc.o
[ 34%] Building CXX object storage/rocksdb/CMakeFiles/rocksdblib.dir/rocksdb/env/env_chroot.cc.o
[ 22%] Built target duckdb_aggr_distr
[ 22%] Building CXX object src/function/pragma/CMakeFiles/duckdb_func_pragma.dir/ub_duckdb_func_pragma.cpp.o
[ 22%] Built target duckdb_variant_cast
[ 22%] Building CXX object src/function/scalar/CMakeFiles/duckdb_func_scalar.dir/ub_duckdb_func_scalar.cpp.o
[ 34%] Building CXX object storage/rocksdb/CMakeFiles/rocksdblib.dir/rocksdb/env/env_encryption.cc.o
[ 34%] Building CXX object storage/rocksdb/CMakeFiles/rocksdblib.dir/rocksdb/env/env_hdfs.cc.o
[ 34%] Building CXX object storage/rocksdb/CMakeFiles/rocksdblib.dir/rocksdb/env/file_system.cc.o
[ 22%] Built target duckdb_func_pragma
[ 22%] Building CXX object src/function/scalar/compressed_materialization/CMakeFiles/duckdb_func_compressed_materialization.dir/ub_duckdb_func_compressed_materialization.cpp.o
[ 34%] Building CXX object storage/rocksdb/CMakeFiles/rocksdblib.dir/rocksdb/env/file_system_tracer.cc.o
[ 22%] Built target duckdb_func_scalar
[ 22%] Building CXX object src/function/scalar/date/CMakeFiles/duckdb_func_date.dir/ub_duckdb_func_date.cpp.o
[ 34%] Building CXX object storage/rocksdb/CMakeFiles/rocksdblib.dir/rocksdb/env/fs_remap.cc.o
[ 34%] Building CXX object storage/rocksdb/CMakeFiles/rocksdblib.dir/rocksdb/env/mock_env.cc.o
[ 22%] Built target duckdb_func_date
[ 23%] Building CXX object src/function/scalar/generic/CMakeFiles/duckdb_func_generic_main.dir/ub_duckdb_func_generic_main.cpp.o
[ 34%] Building CXX object storage/rocksdb/CMakeFiles/rocksdblib.dir/rocksdb/env/unique_id_gen.cc.o
[ 34%] Building CXX object storage/rocksdb/CMakeFiles/rocksdblib.dir/rocksdb/file/delete_scheduler.cc.o
[ 23%] Built target duckdb_func_generic_main
[ 23%] Building CXX object src/function/scalar/list/CMakeFiles/duckdb_func_list_nested.dir/ub_duckdb_func_list_nested.cpp.o
[ 23%] Built target duckdb_func_compressed_materialization
[ 23%] Building CXX object src/function/scalar/map/CMakeFiles/duckdb_function_map.dir/ub_duckdb_function_map.cpp.o
[ 23%] Built target duckdb_function_map
[ 23%] Building CXX object src/function/scalar/operator/CMakeFiles/duckdb_func_ops_main.dir/ub_duckdb_func_ops_main.cpp.o
[ 34%] Building CXX object storage/rocksdb/CMakeFiles/rocksdblib.dir/rocksdb/file/filename.cc.o
[ 34%] Building CXX object storage/rocksdb/CMakeFiles/rocksdblib.dir/rocksdb/file/file_prefetch_buffer.cc.o
[ 34%] Building CXX object storage/rocksdb/CMakeFiles/rocksdblib.dir/rocksdb/file/file_util.cc.o
[ 23%] Built target duckdb_func_list_nested
[ 24%] Building CXX object src/function/scalar/sequence/CMakeFiles/duckdb_func_seq.dir/ub_duckdb_func_seq.cpp.o
[ 34%] Building CXX object storage/rocksdb/CMakeFiles/rocksdblib.dir/rocksdb/file/line_file_reader.cc.o
[ 34%] Building CXX object storage/rocksdb/CMakeFiles/rocksdblib.dir/rocksdb/file/random_access_file_reader.cc.o
[ 24%] Built target duckdb_func_seq
[ 24%] Building CXX object src/function/scalar/string/CMakeFiles/duckdb_func_string_main.dir/ub_duckdb_func_string_main.cpp.o
[ 24%] Built target duckdb_func_cast
[ 24%] Building CXX object src/function/scalar/string/regexp/CMakeFiles/duckdb_func_string_regexp.dir/ub_duckdb_func_string_regexp.cpp.o
[ 34%] Building CXX object storage/rocksdb/CMakeFiles/rocksdblib.dir/rocksdb/file/readahead_raf.cc.o
[ 34%] Building CXX object storage/rocksdb/CMakeFiles/rocksdblib.dir/rocksdb/file/read_write_util.cc.o
[ 35%] Building CXX object storage/rocksdb/CMakeFiles/rocksdblib.dir/rocksdb/file/sequence_file_reader.cc.o
[ 24%] Built target duckdb_func_string_regexp
[ 35%] Building C object dbug/CMakeFiles/dbug.dir/dbug.c.o
[ 35%] Linking CXX static library libdbug.a
[ 35%] Built target dbug
[ 24%] Building CXX object src/function/scalar/struct/CMakeFiles/duckdb_func_struct_main.dir/ub_duckdb_func_struct_main.cpp.o
[ 35%] Building CXX object storage/rocksdb/CMakeFiles/rocksdblib.dir/rocksdb/file/sst_file_manager_impl.cc.o
[ 35%] Building CXX object storage/rocksdb/CMakeFiles/rocksdblib.dir/rocksdb/file/writable_file_writer.cc.o
[ 35%] Building CXX object storage/rocksdb/CMakeFiles/rocksdblib.dir/rocksdb/logging/auto_roll_logger.cc.o
[ 24%] Built target duckdb_func_string_main
[ 24%] Building CXX object src/function/scalar/variant/CMakeFiles/duckdb_func_variant_main.dir/ub_duckdb_func_variant_main.cpp.o
[ 35%] Building CXX object storage/rocksdb/CMakeFiles/rocksdblib.dir/rocksdb/logging/event_logger.cc.o
[ 24%] Built target duckdb_func_struct_main
[ 24%] Building CXX object src/function/scalar/system/CMakeFiles/duckdb_func_system.dir/ub_duckdb_func_system.cpp.o
[ 35%] Building CXX object storage/rocksdb/CMakeFiles/rocksdblib.dir/rocksdb/logging/log_buffer.cc.o
[ 35%] Building CXX object storage/rocksdb/CMakeFiles/rocksdblib.dir/rocksdb/memory/arena.cc.o
[ 35%] Building CXX object storage/rocksdb/CMakeFiles/rocksdblib.dir/rocksdb/memory/concurrent_arena.cc.o
[ 24%] Built target duckdb_func_variant_main
[ 36%] Building C object extra/CMakeFiles/comp_err.dir/comp_err.c.o
[ 36%] Linking CXX executable comp_err
[ 36%] Building CXX object storage/rocksdb/CMakeFiles/rocksdblib.dir/rocksdb/memory/jemalloc_nodump_allocator.cc.o
[ 36%] Built target comp_err
[ 36%] Building CXX object mysys_ssl/CMakeFiles/mysys_ssl.dir/my_sha1.cc.o
[ 36%] Building CXX object mysys_ssl/CMakeFiles/mysys_ssl.dir/my_sha224.cc.o
[ 37%] Building CXX object mysys_ssl/CMakeFiles/mysys_ssl.dir/my_sha256.cc.o
[ 37%] Building CXX object mysys_ssl/CMakeFiles/mysys_ssl.dir/my_sha384.cc.o
[ 37%] Building CXX object mysys_ssl/CMakeFiles/mysys_ssl.dir/my_sha512.cc.o
[ 37%] Building CXX object mysys_ssl/CMakeFiles/mysys_ssl.dir/my_md5.cc.o
[ 37%] Building CXX object storage/rocksdb/CMakeFiles/rocksdblib.dir/rocksdb/memtable/alloc_tracker.cc.o
[ 24%] Built target duckdb_func_ops_main
[ 37%] Building CXX object storage/rocksdb/CMakeFiles/rocksdblib.dir/rocksdb/memtable/hash_linklist_rep.cc.o
[ 37%] Building C object mysys_ssl/CMakeFiles/mysys_ssl.dir/openssl.c.o
[ 37%] Building CXX object mysys_ssl/CMakeFiles/mysys_ssl.dir/my_crypt.cc.o
[ 37%] Building CXX object storage/rocksdb/CMakeFiles/rocksdblib.dir/rocksdb/memtable/hash_skiplist_rep.cc.o
[ 37%] Linking CXX static library libmysys_ssl.a
[ 37%] Built target mysys_ssl
[ 37%] Building yy_mariadb.yy and yy_oracle.yy from sql_yacc.yy
[ 24%] Built target duckdb_func_system
[ 24%] Building CXX object src/function/scalar/geometry/CMakeFiles/duckdb_func_geometry.dir/ub_duckdb_func_geometry.cpp.o
[ 37%] [BISON][gen_mariadb_cc_hh] Building parser with bison 3.8.2
[ 37%] Building CXX object storage/rocksdb/CMakeFiles/rocksdblib.dir/rocksdb/memtable/skiplistrep.cc.o
[ 37%] Building CXX object storage/rocksdb/CMakeFiles/rocksdblib.dir/rocksdb/memtable/vectorrep.cc.o
[ 37%] Building CXX object sql/CMakeFiles/gen_lex_token.dir/gen_lex_token.cc.o
[ 37%] Building CXX object storage/rocksdb/CMakeFiles/rocksdblib.dir/rocksdb/memtable/write_buffer_manager.cc.o
[ 24%] Built target duckdb_func_geometry
[ 37%] Linking CXX executable gen_lex_token
[ 24%] Building CXX object src/function/table/CMakeFiles/duckdb_func_table.dir/ub_duckdb_func_table.cpp.o
[ 37%] Built target gen_lex_token
[ 37%] Building C object dbug/CMakeFiles/tests.dir/tests.c.o
[ 37%] Building CXX object storage/rocksdb/CMakeFiles/rocksdblib.dir/rocksdb/monitoring/histogram.cc.o
[ 37%] Linking CXX executable tests
[ 37%] Built target tests
[ 37%] Building C object dbug/CMakeFiles/factorial.dir/my_main.c.o
[ 37%] Building C object dbug/CMakeFiles/factorial.dir/factorial.c.o
[ 37%] Linking CXX executable factorial
[ 37%] Built target factorial
[ 37%] Building C object mysys/CMakeFiles/thr_lock.dir/thr_lock.c.o
[ 37%] Linking CXX executable thr_lock
[ 37%] Built target thr_lock
[ 37%] Building CXX object storage/rocksdb/CMakeFiles/rocksdblib.dir/rocksdb/monitoring/histogram_windowing.cc.o
[ 37%] Building C object mysys/CMakeFiles/thr_timer.dir/thr_timer.c.o
[ 37%] Linking CXX executable thr_timer
[ 37%] Built target thr_timer
[ 37%] Building C object mysys/CMakeFiles/test_hash.dir/hash.c.o
[ 37%] Building CXX object storage/rocksdb/CMakeFiles/rocksdblib.dir/rocksdb/monitoring/in_memory_stats_history.cc.o
[ 37%] Linking CXX executable test_hash
[ 37%] Built target test_hash
[ 37%] Building CXX object client/CMakeFiles/mariadb-conv.dir/mariadb-conv.cc.o
[ 37%] Building CXX object client/CMakeFiles/mariadb-conv.dir/__/sql/sql_string.cc.o
[ 37%] Building CXX object storage/rocksdb/CMakeFiles/rocksdblib.dir/rocksdb/monitoring/instrumented_mutex.cc.o
[ 37%] Linking CXX executable mariadb-conv
[ 37%] Built target mariadb-conv
[ 37%] Building CXX object sql/CMakeFiles/mariadb-tzinfo-to-sql.dir/tztime.cc.o
[ 37%] Linking CXX executable mariadb-tzinfo-to-sql
Creating mysql_tzinfo_to_sql link
[ 37%] Built target mariadb-tzinfo-to-sql
[ 37%] Building C object sql/CMakeFiles/udf_example.dir/udf_example.c.o
[ 37%] Building CXX object storage/rocksdb/CMakeFiles/rocksdblib.dir/rocksdb/monitoring/iostats_context.cc.o
[ 37%] Linking CXX shared module udf_example.so
[ 37%] Built target udf_example
[ 37%] Building CXX object extra/CMakeFiles/generate_option_list.dir/generate_option_list.cc.o
[ 37%] Building CXX object storage/rocksdb/CMakeFiles/rocksdblib.dir/rocksdb/monitoring/perf_context.cc.o
[ 37%] Building CXX object storage/rocksdb/CMakeFiles/rocksdblib.dir/rocksdb/monitoring/perf_level.cc.o
[ 37%] Linking CXX executable generate_option_list
[ 38%] Building CXX object storage/rocksdb/CMakeFiles/rocksdblib.dir/rocksdb/monitoring/persistent_stats_history.cc.o
[ 38%] Building CXX object storage/rocksdb/CMakeFiles/rocksdblib.dir/rocksdb/monitoring/statistics.cc.o
[ 38%] Built target generate_option_list
[ 38%] Building C object extra/CMakeFiles/my_print_defaults.dir/my_print_defaults.c.o
[ 38%] Linking CXX executable my_print_defaults
[ 38%] Built target my_print_defaults
[ 38%] Building C object extra/CMakeFiles/resolveip.dir/resolveip.c.o
[ 38%] Linking CXX executable resolveip
[ 38%] Built target resolveip
[ 38%] Building C object extra/CMakeFiles/replace.dir/replace.c.o
[ 38%] Linking CXX executable replace
[ 38%] Built target replace
[ 39%] Building C object extra/CMakeFiles/resolve_stack_dump.dir/resolve_stack_dump.c.o
[ 39%] Linking CXX executable resolve_stack_dump
[ 39%] Built target resolve_stack_dump
[ 39%] Building C object extra/CMakeFiles/mariadb-waitpid.dir/mysql_waitpid.c.o
[ 39%] Linking CXX executable mariadb-waitpid
Creating mysql_waitpid link
[ 39%] Built target mariadb-waitpid
[ 39%] Building C object extra/CMakeFiles/mariadbd-safe-helper.dir/mysqld_safe_helper.c.o
[ 39%] Linking CXX executable mariadbd-safe-helper
Creating mysqld_safe_helper link
[ 39%] Built target mariadbd-safe-helper
[ 39%] Building CXX object storage/rocksdb/CMakeFiles/rocksdblib.dir/rocksdb/monitoring/thread_status_impl.cc.o
[ 39%] Building CXX object storage/rocksdb/CMakeFiles/rocksdblib.dir/rocksdb/monitoring/thread_status_updater.cc.o
[ 39%] Building CXX object storage/rocksdb/CMakeFiles/rocksdblib.dir/rocksdb/monitoring/thread_status_util.cc.o
[ 39%] Building CXX object storage/rocksdb/CMakeFiles/rocksdblib.dir/rocksdb/monitoring/thread_status_util_debug.cc.o
[ 39%] Building CXX object storage/rocksdb/CMakeFiles/rocksdblib.dir/rocksdb/options/cf_options.cc.o
[ 39%] Building CXX object storage/rocksdb/CMakeFiles/rocksdblib.dir/rocksdb/options/configurable.cc.o
[ 39%] Building CXX object storage/rocksdb/CMakeFiles/rocksdblib.dir/rocksdb/options/customizable.cc.o
[ 39%] Building CXX object storage/rocksdb/CMakeFiles/rocksdblib.dir/rocksdb/options/db_options.cc.o
[ 39%] Building CXX object storage/rocksdb/CMakeFiles/rocksdblib.dir/rocksdb/options/options.cc.o
[ 39%] Building CXX object storage/rocksdb/CMakeFiles/rocksdblib.dir/rocksdb/options/options_helper.cc.o
[ 39%] Building CXX object storage/rocksdb/CMakeFiles/rocksdblib.dir/rocksdb/options/options_parser.cc.o
[ 39%] Building CXX object storage/rocksdb/CMakeFiles/rocksdblib.dir/rocksdb/port/stack_trace.cc.o
[ 39%] Building CXX object storage/rocksdb/CMakeFiles/rocksdblib.dir/rocksdb/table/adaptive/adaptive_table_factory.cc.o
[ 39%] Building CXX object storage/rocksdb/CMakeFiles/rocksdblib.dir/rocksdb/table/block_based/binary_search_index_reader.cc.o
[ 39%] Building CXX object storage/rocksdb/CMakeFiles/rocksdblib.dir/rocksdb/table/block_based/block_based_filter_block.cc.o
[ 39%] Building CXX object storage/rocksdb/CMakeFiles/rocksdblib.dir/rocksdb/table/block_based/block_based_table_builder.cc.o
[ 39%] Building CXX object storage/rocksdb/CMakeFiles/rocksdblib.dir/rocksdb/table/block_based/block_based_table_factory.cc.o
[ 39%] Building CXX object storage/rocksdb/CMakeFiles/rocksdblib.dir/rocksdb/table/block_based/block_based_table_iterator.cc.o
[ 39%] Building CXX object storage/rocksdb/CMakeFiles/rocksdblib.dir/rocksdb/table/block_based/block_based_table_reader.cc.o
[ 40%] Building CXX object storage/rocksdb/CMakeFiles/rocksdblib.dir/rocksdb/table/block_based/block_builder.cc.o
[ 24%] Built target duckdb_func_table
[ 24%] Building CXX object src/function/table/system/CMakeFiles/duckdb_table_func_system.dir/ub_duckdb_table_func_system.cpp.o
[ 40%] Building CXX object storage/rocksdb/CMakeFiles/rocksdblib.dir/rocksdb/table/block_based/block.cc.o
[ 40%] Building CXX object storage/rocksdb/CMakeFiles/rocksdblib.dir/rocksdb/table/block_based/block_prefetcher.cc.o
[ 40%] Building CXX object storage/rocksdb/CMakeFiles/rocksdblib.dir/rocksdb/table/block_based/block_prefix_index.cc.o
[ 40%] Building CXX object storage/rocksdb/CMakeFiles/rocksdblib.dir/rocksdb/table/block_based/data_block_footer.cc.o
[ 40%] Building CXX object storage/rocksdb/CMakeFiles/rocksdblib.dir/rocksdb/table/block_based/data_block_hash_index.cc.o
[ 40%] Building CXX object storage/rocksdb/CMakeFiles/rocksdblib.dir/rocksdb/table/block_based/filter_block_reader_common.cc.o
[ 40%] Building CXX object storage/rocksdb/CMakeFiles/rocksdblib.dir/rocksdb/table/block_based/filter_policy.cc.o
[ 40%] Building CXX object storage/rocksdb/CMakeFiles/rocksdblib.dir/rocksdb/table/block_based/flush_block_policy.cc.o
[ 40%] Building CXX object storage/rocksdb/CMakeFiles/rocksdblib.dir/rocksdb/table/block_based/full_filter_block.cc.o
[ 40%] Building CXX object storage/rocksdb/CMakeFiles/rocksdblib.dir/rocksdb/table/block_based/hash_index_reader.cc.o
[ 40%] Building CXX object storage/rocksdb/CMakeFiles/rocksdblib.dir/rocksdb/table/block_based/index_builder.cc.o
[ 40%] Building CXX object storage/rocksdb/CMakeFiles/rocksdblib.dir/rocksdb/table/block_based/index_reader_common.cc.o
[ 40%] Building CXX object storage/rocksdb/CMakeFiles/rocksdblib.dir/rocksdb/table/block_based/parsed_full_filter_block.cc.o
[ 40%] Building CXX object storage/rocksdb/CMakeFiles/rocksdblib.dir/rocksdb/table/block_based/partitioned_filter_block.cc.o
[ 40%] Building CXX object storage/rocksdb/CMakeFiles/rocksdblib.dir/rocksdb/table/block_based/partitioned_index_iterator.cc.o
[ 40%] Building CXX object storage/rocksdb/CMakeFiles/rocksdblib.dir/rocksdb/table/block_based/partitioned_index_reader.cc.o
[ 40%] Building CXX object storage/rocksdb/CMakeFiles/rocksdblib.dir/rocksdb/table/block_based/reader_common.cc.o
[ 40%] Building CXX object storage/rocksdb/CMakeFiles/rocksdblib.dir/rocksdb/table/block_based/uncompression_dict_reader.cc.o
[ 40%] Building CXX object storage/rocksdb/CMakeFiles/rocksdblib.dir/rocksdb/table/block_fetcher.cc.o
[ 40%] Building CXX object storage/rocksdb/CMakeFiles/rocksdblib.dir/rocksdb/table/cuckoo/cuckoo_table_builder.cc.o
[ 40%] Building CXX object storage/rocksdb/CMakeFiles/rocksdblib.dir/rocksdb/table/cuckoo/cuckoo_table_factory.cc.o
[ 25%] Building CXX object src/function/table/version/CMakeFiles/duckdb_func_table_version.dir/ub_duckdb_func_table_version.cpp.o
[ 41%] Building CXX object storage/rocksdb/CMakeFiles/rocksdblib.dir/rocksdb/table/cuckoo/cuckoo_table_reader.cc.o
[ 41%] Building CXX object storage/rocksdb/CMakeFiles/rocksdblib.dir/rocksdb/table/format.cc.o
[ 41%] Building CXX object storage/rocksdb/CMakeFiles/rocksdblib.dir/rocksdb/table/get_context.cc.o
[ 41%] Building CXX object storage/rocksdb/CMakeFiles/rocksdblib.dir/rocksdb/table/iterator.cc.o
[ 25%] Built target duckdb_func_table_version
[ 25%] Building CXX object src/function/table/arrow/CMakeFiles/duckdb_arrow_conversion.dir/ub_duckdb_arrow_conversion.cpp.o
[ 41%] Building CXX object storage/rocksdb/CMakeFiles/rocksdblib.dir/rocksdb/table/merging_iterator.cc.o
[ 25%] Built target duckdb_table_func_system
[ 25%] Building CXX object src/function/window/CMakeFiles/duckdb_func_window.dir/ub_duckdb_func_window.cpp.o
[ 41%] Building CXX object storage/rocksdb/CMakeFiles/rocksdblib.dir/rocksdb/table/meta_blocks.cc.o
[ 41%] Building CXX object storage/rocksdb/CMakeFiles/rocksdblib.dir/rocksdb/table/persistent_cache_helper.cc.o
[ 41%] Building CXX object storage/rocksdb/CMakeFiles/rocksdblib.dir/rocksdb/table/plain/plain_table_bloom.cc.o
[ 41%] Building CXX object storage/rocksdb/CMakeFiles/rocksdblib.dir/rocksdb/table/plain/plain_table_builder.cc.o
[ 25%] Built target duckdb_arrow_conversion
[ 25%] Building CXX object src/function/variant/CMakeFiles/duckdb_function_variant.dir/ub_duckdb_function_variant.cpp.o
[ 41%] Building CXX object storage/rocksdb/CMakeFiles/rocksdblib.dir/rocksdb/table/plain/plain_table_factory.cc.o
/usr/local/src/mariadb-12.3.3/storage/rocksdb/rocksdb/table/plain/plain_table_builder.cc: In member function ‘virtual rocksdb::Status rocksdb::PlainTableBuilder::Finish()’:
/usr/local/src/mariadb-12.3.3/storage/rocksdb/rocksdb/table/plain/plain_table_builder.cc:280:21: warning: redundant move in return statement [-Wredundant-move]
  280 |     return std::move(s);
      |            ~~~~~~~~~^~~
/usr/local/src/mariadb-12.3.3/storage/rocksdb/rocksdb/table/plain/plain_table_builder.cc:280:21: note: remove ‘std::move’ call
[ 25%] Built target duckdb_function_variant
[ 25%] Building CXX object src/catalog/CMakeFiles/duckdb_catalog.dir/ub_duckdb_catalog.cpp.o
[ 41%] Building CXX object storage/rocksdb/CMakeFiles/rocksdblib.dir/rocksdb/table/plain/plain_table_index.cc.o
[ 41%] Building CXX object storage/rocksdb/CMakeFiles/rocksdblib.dir/rocksdb/table/plain/plain_table_key_coding.cc.o
[ 41%] Building CXX object storage/rocksdb/CMakeFiles/rocksdblib.dir/rocksdb/table/plain/plain_table_reader.cc.o
[ 41%] Building CXX object storage/rocksdb/CMakeFiles/rocksdblib.dir/rocksdb/table/sst_file_dumper.cc.o
[ 41%] Building CXX object storage/rocksdb/CMakeFiles/rocksdblib.dir/rocksdb/table/sst_file_reader.cc.o
[ 41%] Building CXX object storage/rocksdb/CMakeFiles/rocksdblib.dir/rocksdb/table/sst_file_writer.cc.o
[ 25%] Built target duckdb_func_window
[ 25%] Building CXX object src/catalog/catalog_entry/CMakeFiles/duckdb_catalog_entries.dir/ub_duckdb_catalog_entries.cpp.o
[ 41%] Building CXX object storage/rocksdb/CMakeFiles/rocksdblib.dir/rocksdb/table/table_factory.cc.o
[ 41%] Building CXX object storage/rocksdb/CMakeFiles/rocksdblib.dir/rocksdb/table/table_properties.cc.o
[ 25%] Built target duckdb_catalog
[ 25%] Building CXX object src/catalog/catalog_entry/dependency/CMakeFiles/duckdb_catalog_entries_dependency.dir/ub_duckdb_catalog_entries_dependency.cpp.o
[ 41%] Building CXX object storage/rocksdb/CMakeFiles/rocksdblib.dir/rocksdb/table/two_level_iterator.cc.o
[ 41%] Building CXX object storage/rocksdb/CMakeFiles/rocksdblib.dir/rocksdb/table/unique_id.cc.o
[ 25%] Built target duckdb_catalog_entries_dependency
[ 25%] Building CXX object src/catalog/default/CMakeFiles/duckdb_catalog_default_entries.dir/ub_duckdb_catalog_default_entries.cpp.o
[ 41%] Building CXX object storage/rocksdb/CMakeFiles/rocksdblib.dir/rocksdb/test_util/sync_point.cc.o
[ 41%] Building CXX object storage/rocksdb/CMakeFiles/rocksdblib.dir/rocksdb/test_util/sync_point_impl.cc.o
[ 42%] Building CXX object storage/rocksdb/CMakeFiles/rocksdblib.dir/rocksdb/test_util/testutil.cc.o
[ 42%] Building CXX object storage/rocksdb/CMakeFiles/rocksdblib.dir/rocksdb/test_util/transaction_test_util.cc.o
[ 42%] Building CXX object storage/rocksdb/CMakeFiles/rocksdblib.dir/rocksdb/tools/block_cache_analyzer/block_cache_trace_analyzer.cc.o
[ 42%] Building CXX object storage/rocksdb/CMakeFiles/rocksdblib.dir/rocksdb/tools/dump/db_dump_tool.cc.o
[ 42%] Building CXX object storage/rocksdb/CMakeFiles/rocksdblib.dir/rocksdb/tools/ldb_cmd.cc.o
[ 25%] Built target duckdb_catalog_default_entries
[ 25%] Building CXX object src/common/CMakeFiles/duckdb_common.dir/ub_duckdb_common.cpp.o
[ 42%] Building CXX object storage/rocksdb/CMakeFiles/rocksdblib.dir/rocksdb/tools/ldb_tool.cc.o
[ 42%] Building CXX object storage/rocksdb/CMakeFiles/rocksdblib.dir/rocksdb/tools/sst_dump_tool.cc.o
[ 25%] Built target duckdb_catalog_entries
[ 42%] Building CXX object storage/rocksdb/CMakeFiles/rocksdblib.dir/rocksdb/tools/trace_analyzer_tool.cc.o
[ 42%] Building CXX object storage/rocksdb/CMakeFiles/rocksdblib.dir/rocksdb/trace_replay/block_cache_tracer.cc.o
[ 42%] Building CXX object storage/rocksdb/CMakeFiles/rocksdblib.dir/rocksdb/trace_replay/io_tracer.cc.o
[ 42%] Building CXX object storage/rocksdb/CMakeFiles/rocksdblib.dir/rocksdb/trace_replay/trace_record.cc.o
[ 42%] Building CXX object storage/rocksdb/CMakeFiles/rocksdblib.dir/rocksdb/trace_replay/trace_record_handler.cc.o
[ 42%] Building CXX object storage/rocksdb/CMakeFiles/rocksdblib.dir/rocksdb/trace_replay/trace_record_result.cc.o
[ 42%] Building CXX object storage/rocksdb/CMakeFiles/rocksdblib.dir/rocksdb/trace_replay/trace_replay.cc.o
[ 42%] Building CXX object storage/rocksdb/CMakeFiles/rocksdblib.dir/rocksdb/util/coding.cc.o
[ 42%] Building CXX object storage/rocksdb/CMakeFiles/rocksdblib.dir/rocksdb/util/compaction_job_stats_impl.cc.o
[ 25%] Building CXX object src/common/adbc/CMakeFiles/duckdb_adbc.dir/ub_duckdb_adbc.cpp.o
[ 42%] Building CXX object storage/rocksdb/CMakeFiles/rocksdblib.dir/rocksdb/util/comparator.cc.o
[ 42%] Building CXX object storage/rocksdb/CMakeFiles/rocksdblib.dir/rocksdb/util/compression_context_cache.cc.o
[ 42%] Building CXX object storage/rocksdb/CMakeFiles/rocksdblib.dir/rocksdb/util/concurrent_task_limiter_impl.cc.o
[ 42%] Building CXX object storage/rocksdb/CMakeFiles/rocksdblib.dir/rocksdb/util/crc32c.cc.o
[ 42%] Building CXX object storage/rocksdb/CMakeFiles/rocksdblib.dir/rocksdb/util/dynamic_bloom.cc.o
[ 43%] Building CXX object storage/rocksdb/CMakeFiles/rocksdblib.dir/rocksdb/util/file_checksum_helper.cc.o
[ 43%] Building CXX object storage/rocksdb/CMakeFiles/rocksdblib.dir/rocksdb/util/hash.cc.o
[ 43%] Building CXX object storage/rocksdb/CMakeFiles/rocksdblib.dir/rocksdb/utilities/backupable/backupable_db.cc.o
[ 25%] Built target duckdb_adbc
[ 26%] Building CXX object src/common/adbc/nanoarrow/CMakeFiles/duckdb_adbc_nanoarrow.dir/ub_duckdb_adbc_nanoarrow.cpp.o
[ 27%] Building CXX object src/common/allocator/CMakeFiles/duckdb_common_allocator.dir/ub_duckdb_common_allocator.cpp.o
[ 27%] Built target duckdb_common_allocator
[ 27%] Building CXX object src/common/arrow/CMakeFiles/duckdb_common_arrow.dir/ub_duckdb_common_arrow.cpp.o
[ 27%] Built target duckdb_adbc_nanoarrow
[ 27%] Building CXX object src/common/arrow/appender/CMakeFiles/duckdb_common_arrow_appender.dir/ub_duckdb_common_arrow_appender.cpp.o
[ 27%] Built target duckdb_common_arrow_appender
[ 27%] Building CXX object src/common/crypto/CMakeFiles/duckdb_common_crypto.dir/ub_duckdb_common_crypto.cpp.o
[ 43%] Building CXX object storage/rocksdb/CMakeFiles/rocksdblib.dir/rocksdb/utilities/blob_db/blob_compaction_filter.cc.o
[ 27%] Built target duckdb_common_crypto
[ 27%] Building CXX object src/common/enums/CMakeFiles/duckdb_common_enums.dir/ub_duckdb_common_enums.cpp.o
[ 43%] Building CXX object storage/rocksdb/CMakeFiles/rocksdblib.dir/rocksdb/utilities/blob_db/blob_db.cc.o
[ 27%] Built target duckdb_common_arrow
[ 27%] Building CXX object src/common/exception/CMakeFiles/duckdb_common_exception.dir/ub_duckdb_common_exception.cpp.o
[ 27%] Built target duckdb_common_exception
[ 27%] Building CXX object src/common/multi_file/CMakeFiles/duckdb_common_multi_file.dir/ub_duckdb_common_multi_file.cpp.o
[ 27%] Built target duckdb_common_enums
[ 27%] Building CXX object src/common/operator/CMakeFiles/duckdb_common_operators.dir/ub_duckdb_common_operators.cpp.o
[ 43%] Building CXX object storage/rocksdb/CMakeFiles/rocksdblib.dir/rocksdb/utilities/blob_db/blob_db_impl.cc.o
[ 27%] Built target duckdb_common
[ 27%] Building CXX object src/common/progress_bar/CMakeFiles/duckdb_progress_bar.dir/ub_duckdb_progress_bar.cpp.o
[ 27%] Built target duckdb_common_multi_file
[ 27%] Building CXX object src/common/tree_renderer/CMakeFiles/duckdb_common_tree_renderer.dir/ub_duckdb_common_tree_renderer.cpp.o
[ 27%] Built target duckdb_progress_bar
[ 28%] Building CXX object src/common/row_operations/CMakeFiles/duckdb_row_operations.dir/ub_duckdb_row_operations.cpp.o
[ 43%] Building CXX object storage/rocksdb/CMakeFiles/rocksdblib.dir/rocksdb/utilities/blob_db/blob_db_impl_filesnapshot.cc.o
[ 43%] Building CXX object storage/rocksdb/CMakeFiles/rocksdblib.dir/rocksdb/utilities/blob_db/blob_dump_tool.cc.o
[ 28%] Built target duckdb_common_operators
[ 28%] Building CXX object src/common/serializer/CMakeFiles/duckdb_common_serializer.dir/ub_duckdb_common_serializer.cpp.o
[ 43%] Building CXX object storage/rocksdb/CMakeFiles/rocksdblib.dir/rocksdb/utilities/blob_db/blob_file.cc.o
[ 28%] Built target duckdb_common_tree_renderer
[ 28%] Building CXX object src/common/sort/CMakeFiles/duckdb_sort.dir/ub_duckdb_sort.cpp.o
[ 28%] Built target duckdb_common_serializer
[ 28%] Building CXX object src/common/types/CMakeFiles/duckdb_common_types.dir/ub_duckdb_common_types.cpp.o
[ 43%] Building CXX object storage/rocksdb/CMakeFiles/rocksdblib.dir/rocksdb/utilities/checkpoint/checkpoint_impl.cc.o
[ 43%] Building CXX object storage/rocksdb/CMakeFiles/rocksdblib.dir/rocksdb/utilities/compaction_filters.cc.o
[ 43%] Building CXX object storage/rocksdb/CMakeFiles/rocksdblib.dir/rocksdb/utilities/compaction_filters/remove_emptyvalue_compactionfilter.cc.o
[ 43%] Building CXX object storage/rocksdb/CMakeFiles/rocksdblib.dir/rocksdb/utilities/debug.cc.o
[ 43%] Building CXX object storage/rocksdb/CMakeFiles/rocksdblib.dir/rocksdb/utilities/env_mirror.cc.o
[ 43%] Building CXX object storage/rocksdb/CMakeFiles/rocksdblib.dir/rocksdb/utilities/env_timed.cc.o
[ 28%] Built target duckdb_row_operations
[ 29%] Building CXX object src/common/types/column/CMakeFiles/duckdb_common_types_column.dir/ub_duckdb_common_types_column.cpp.o
[ 43%] Building CXX object storage/rocksdb/CMakeFiles/rocksdblib.dir/rocksdb/utilities/leveldb_options/leveldb_options.cc.o
[ 43%] Building CXX object storage/rocksdb/CMakeFiles/rocksdblib.dir/rocksdb/utilities/memory/memory_util.cc.o
[ 43%] Building CXX object storage/rocksdb/CMakeFiles/rocksdblib.dir/rocksdb/utilities/merge_operators/bytesxor.cc.o
[ 43%] Building CXX object storage/rocksdb/CMakeFiles/rocksdblib.dir/rocksdb/utilities/merge_operators.cc.o
[ 43%] Building CXX object storage/rocksdb/CMakeFiles/rocksdblib.dir/rocksdb/utilities/merge_operators/max.cc.o
[ 43%] Building CXX object storage/rocksdb/CMakeFiles/rocksdblib.dir/rocksdb/utilities/merge_operators/put.cc.o
[ 43%] Building CXX object storage/rocksdb/CMakeFiles/rocksdblib.dir/rocksdb/utilities/merge_operators/sortlist.cc.o
[ 44%] Building CXX object storage/rocksdb/CMakeFiles/rocksdblib.dir/rocksdb/utilities/merge_operators/string_append/stringappend2.cc.o
[ 29%] Built target duckdb_common_types_column
[ 29%] Building CXX object src/common/types/row/CMakeFiles/duckdb_common_types_row.dir/ub_duckdb_common_types_row.cpp.o
[ 44%] Building CXX object storage/rocksdb/CMakeFiles/rocksdblib.dir/rocksdb/utilities/merge_operators/string_append/stringappend.cc.o
[ 44%] Building CXX object storage/rocksdb/CMakeFiles/rocksdblib.dir/rocksdb/utilities/merge_operators/uint64add.cc.o
[ 44%] Building CXX object storage/rocksdb/CMakeFiles/rocksdblib.dir/rocksdb/utilities/object_registry.cc.o
[ 44%] Building CXX object storage/rocksdb/CMakeFiles/rocksdblib.dir/rocksdb/utilities/option_change_migration/option_change_migration.cc.o
[ 44%] Building CXX object storage/rocksdb/CMakeFiles/rocksdblib.dir/rocksdb/utilities/options/options_util.cc.o
[ 29%] Built target duckdb_common_types
[ 29%] Building CXX object src/common/types/variant/CMakeFiles/duckdb_common_variant.dir/ub_duckdb_common_variant.cpp.o
[ 44%] Building CXX object storage/rocksdb/CMakeFiles/rocksdblib.dir/rocksdb/utilities/persistent_cache/block_cache_tier.cc.o
[ 44%] Building CXX object storage/rocksdb/CMakeFiles/rocksdblib.dir/rocksdb/utilities/persistent_cache/block_cache_tier_file.cc.o
[ 29%] Built target duckdb_common_variant
[ 29%] Building CXX object src/common/value_operations/CMakeFiles/duckdb_value_operations.dir/ub_duckdb_value_operations.cpp.o
[ 44%] Building CXX object storage/rocksdb/CMakeFiles/rocksdblib.dir/rocksdb/utilities/persistent_cache/block_cache_tier_metadata.cc.o
[ 29%] Built target duckdb_value_operations
[ 29%] Building CXX object src/common/vector_operations/CMakeFiles/duckdb_vector_operations.dir/boolean_operators.cpp.o
[ 44%] Building CXX object storage/rocksdb/CMakeFiles/rocksdblib.dir/rocksdb/utilities/persistent_cache/persistent_cache_tier.cc.o
[ 29%] Built target duckdb_common_types_row
[ 30%] Building CXX object src/logging/CMakeFiles/duckdb_logging.dir/ub_duckdb_logging.cpp.o
[ 30%] Building CXX object src/common/vector_operations/CMakeFiles/duckdb_vector_operations.dir/vector_cast.cpp.o
[ 44%] Building CXX object storage/rocksdb/CMakeFiles/rocksdblib.dir/rocksdb/utilities/persistent_cache/volatile_tier_impl.cc.o
[ 30%] Built target duckdb_sort
[ 30%] Building CXX object src/execution/CMakeFiles/duckdb_execution.dir/ub_duckdb_execution.cpp.o
[ 44%] Building CXX object storage/rocksdb/CMakeFiles/rocksdblib.dir/rocksdb/utilities/simulator_cache/cache_simulator.cc.o
[ 31%] Building CXX object src/common/vector_operations/CMakeFiles/duckdb_vector_operations.dir/comparison_operators.cpp.o
[ 44%] Building CXX object storage/rocksdb/CMakeFiles/rocksdblib.dir/rocksdb/utilities/simulator_cache/sim_cache.cc.o
[ 44%] Building CXX object storage/rocksdb/CMakeFiles/rocksdblib.dir/rocksdb/utilities/table_properties_collectors/compact_on_deletion_collector.cc.o
[ 44%] Building CXX object storage/rocksdb/CMakeFiles/rocksdblib.dir/rocksdb/utilities/trace/file_trace_reader_writer.cc.o
[ 31%] Built target duckdb_logging
[ 32%] Building CXX object src/execution/expression_executor/CMakeFiles/duckdb_expression_executor.dir/ub_duckdb_expression_executor.cpp.o
[ 44%] Building CXX object storage/rocksdb/CMakeFiles/rocksdblib.dir/rocksdb/utilities/trace/replayer_impl.cc.o
[ 44%] Building CXX object storage/rocksdb/CMakeFiles/rocksdblib.dir/rocksdb/utilities/transactions/lock/lock_manager.cc.o
[ 32%] Building CXX object src/common/vector_operations/CMakeFiles/duckdb_vector_operations.dir/vector_copy.cpp.o
[ 44%] Building CXX object storage/rocksdb/CMakeFiles/rocksdblib.dir/rocksdb/utilities/transactions/lock/point/point_lock_manager.cc.o
[ 32%] Built target duckdb_execution
[ 32%] Building CXX object src/execution/nested_loop_join/CMakeFiles/duckdb_nested_loop_join.dir/ub_duckdb_nested_loop_join.cpp.o
[ 32%] Building CXX object src/common/vector_operations/CMakeFiles/duckdb_vector_operations.dir/generators.cpp.o
[ 32%] Building CXX object src/common/vector_operations/CMakeFiles/duckdb_vector_operations.dir/vector_hash.cpp.o
[ 44%] Building CXX object storage/rocksdb/CMakeFiles/rocksdblib.dir/rocksdb/utilities/transactions/lock/point/point_lock_tracker.cc.o
[ 32%] Building CXX object src/common/vector_operations/CMakeFiles/duckdb_vector_operations.dir/vector_storage.cpp.o
[ 44%] Building CXX object storage/rocksdb/CMakeFiles/rocksdblib.dir/rocksdb/utilities/transactions/optimistic_transaction.cc.o
[ 33%] Building CXX object src/common/vector_operations/CMakeFiles/duckdb_vector_operations.dir/null_operations.cpp.o
[ 33%] Building CXX object src/common/vector_operations/CMakeFiles/duckdb_vector_operations.dir/numeric_inplace_operators.cpp.o
[ 33%] Building CXX object src/common/vector_operations/CMakeFiles/duckdb_vector_operations.dir/is_distinct_from.cpp.o
[ 33%] Built target duckdb_nested_loop_join
[ 34%] Building CXX object src/execution/operator/aggregate/CMakeFiles/duckdb_operator_aggregate.dir/ub_duckdb_operator_aggregate.cpp.o
[ 44%] Building CXX object storage/rocksdb/CMakeFiles/rocksdblib.dir/rocksdb/utilities/transactions/optimistic_transaction_db_impl.cc.o
[ 44%] Building CXX object storage/rocksdb/CMakeFiles/rocksdblib.dir/rocksdb/utilities/transactions/pessimistic_transaction.cc.o
[ 45%] Building CXX object storage/rocksdb/CMakeFiles/rocksdblib.dir/rocksdb/utilities/transactions/pessimistic_transaction_db.cc.o
[ 34%] Built target duckdb_operator_aggregate
[ 34%] Building CXX object src/execution/operator/csv_scanner/buffer_manager/CMakeFiles/duckdb_csv_buffer_manager.dir/ub_duckdb_csv_buffer_manager.cpp.o
[ 45%] Building CXX object storage/rocksdb/CMakeFiles/rocksdblib.dir/rocksdb/utilities/transactions/snapshot_checker.cc.o
[ 34%] Built target duckdb_csv_buffer_manager
[ 34%] Building CXX object src/execution/operator/csv_scanner/encode/CMakeFiles/duckdb_csv_encode.dir/ub_duckdb_csv_encode.cpp.o
[ 45%] Building CXX object storage/rocksdb/CMakeFiles/rocksdblib.dir/rocksdb/utilities/transactions/transaction_base.cc.o
[ 34%] Built target duckdb_csv_encode
[ 34%] Building CXX object src/execution/operator/csv_scanner/scanner/CMakeFiles/duckdb_csv_scanner.dir/ub_duckdb_csv_scanner.cpp.o
[ 34%] Built target duckdb_vector_operations
[ 34%] Building CXX object src/execution/operator/csv_scanner/sniffer/CMakeFiles/duckdb_csv_sniffer.dir/ub_duckdb_csv_sniffer.cpp.o
[ 45%] Building CXX object storage/rocksdb/CMakeFiles/rocksdblib.dir/rocksdb/utilities/transactions/transaction_db_mutex_impl.cc.o
[ 45%] Building CXX object storage/rocksdb/CMakeFiles/rocksdblib.dir/rocksdb/utilities/transactions/transaction_util.cc.o
[ 45%] Building CXX object storage/rocksdb/CMakeFiles/rocksdblib.dir/rocksdb/utilities/transactions/write_prepared_txn.cc.o
[ 34%] Built target duckdb_expression_executor
[ 34%] Building CXX object src/execution/operator/csv_scanner/state_machine/CMakeFiles/duckdb_csv_state_machine.dir/ub_duckdb_csv_state_machine.cpp.o
[ 45%] Building CXX object storage/rocksdb/CMakeFiles/rocksdblib.dir/rocksdb/utilities/transactions/write_prepared_txn_db.cc.o
[ 34%] Built target duckdb_csv_state_machine
[ 34%] Building CXX object src/execution/operator/csv_scanner/table_function/CMakeFiles/duckdb_operator_csv_table_function.dir/ub_duckdb_operator_csv_table_function.cpp.o
[ 34%] Built target duckdb_csv_scanner
[ 35%] Building CXX object src/execution/operator/csv_scanner/util/CMakeFiles/duckdb_csv_util.dir/ub_duckdb_csv_util.cpp.o
[ 35%] Built target duckdb_csv_sniffer
[ 35%] Building CXX object src/execution/operator/filter/CMakeFiles/duckdb_operator_filter.dir/ub_duckdb_operator_filter.cpp.o
[ 45%] Building CXX object storage/rocksdb/CMakeFiles/rocksdblib.dir/rocksdb/utilities/transactions/write_unprepared_txn.cc.o
[ 35%] Built target duckdb_operator_filter
[ 35%] Building CXX object src/execution/operator/helper/CMakeFiles/duckdb_operator_helper.dir/ub_duckdb_operator_helper.cpp.o
[ 35%] Built target duckdb_operator_csv_table_function
[ 45%] Building CXX object storage/rocksdb/CMakeFiles/rocksdblib.dir/rocksdb/utilities/transactions/write_unprepared_txn_db.cc.o
[ 45%] Building CXX object storage/rocksdb/CMakeFiles/rocksdblib.dir/rocksdb/utilities/ttl/db_ttl_impl.cc.o
[ 35%] Built target duckdb_csv_util
[ 35%] Building CXX object src/execution/operator/join/CMakeFiles/duckdb_operator_join.dir/ub_duckdb_operator_join.cpp.o
[ 45%] Building CXX object storage/rocksdb/CMakeFiles/rocksdblib.dir/rocksdb/utilities/wal_filter.cc.o
[ 35%] Built target duckdb_operator_helper
[ 36%] Building CXX object src/execution/operator/order/CMakeFiles/duckdb_operator_order.dir/ub_duckdb_operator_order.cpp.o
[ 45%] Building CXX object storage/rocksdb/CMakeFiles/rocksdblib.dir/rocksdb/utilities/write_batch_with_index/write_batch_with_index.cc.o
[ 45%] Building CXX object storage/rocksdb/CMakeFiles/rocksdblib.dir/rocksdb/utilities/write_batch_with_index/write_batch_with_index_internal.cc.o
[ 45%] Building CXX object storage/rocksdb/CMakeFiles/rocksdblib.dir/rocksdb/util/murmurhash.cc.o
[ 45%] Building CXX object storage/rocksdb/CMakeFiles/rocksdblib.dir/rocksdb/util/random.cc.o
[ 45%] Building CXX object storage/rocksdb/CMakeFiles/rocksdblib.dir/rocksdb/util/rate_limiter.cc.o
[ 36%] Built target duckdb_operator_order
[ 36%] Building CXX object src/execution/operator/persistent/CMakeFiles/duckdb_operator_persistent.dir/ub_duckdb_operator_persistent.cpp.o
[ 45%] Building CXX object storage/rocksdb/CMakeFiles/rocksdblib.dir/rocksdb/util/regex.cc.o
[ 45%] Building CXX object storage/rocksdb/CMakeFiles/rocksdblib.dir/rocksdb/util/ribbon_config.cc.o
[ 45%] Building CXX object storage/rocksdb/CMakeFiles/rocksdblib.dir/rocksdb/util/slice.cc.o
[ 45%] Building CXX object storage/rocksdb/CMakeFiles/rocksdblib.dir/rocksdb/util/status.cc.o
[ 45%] Building CXX object storage/rocksdb/CMakeFiles/rocksdblib.dir/rocksdb/util/string_util.cc.o
[ 46%] Building CXX object storage/rocksdb/CMakeFiles/rocksdblib.dir/rocksdb/util/thread_local.cc.o
[ 46%] Building CXX object storage/rocksdb/CMakeFiles/rocksdblib.dir/rocksdb/util/threadpool_imp.cc.o
[ 46%] Building CXX object storage/rocksdb/CMakeFiles/rocksdblib.dir/rocksdb/util/xxhash.cc.o
[ 46%] Building CXX object storage/rocksdb/CMakeFiles/rocksdblib.dir/rocksdb/port/port_posix.cc.o
[ 46%] Building CXX object storage/rocksdb/CMakeFiles/rocksdblib.dir/rocksdb/env/env_posix.cc.o
[ 36%] Built target duckdb_operator_join
[ 36%] Building CXX object src/execution/operator/projection/CMakeFiles/duckdb_operator_projection.dir/ub_duckdb_operator_projection.cpp.o
[ 46%] Building CXX object storage/rocksdb/CMakeFiles/rocksdblib.dir/rocksdb/env/io_posix.cc.o
[ 46%] Building CXX object storage/rocksdb/CMakeFiles/rocksdblib.dir/rocksdb/env/fs_posix.cc.o
[ 46%] Building CXX object storage/rocksdb/CMakeFiles/rocksdblib.dir/build_version.cc.o
[ 36%] Building CXX object src/execution/operator/scan/CMakeFiles/duckdb_operator_scan.dir/ub_duckdb_operator_scan.cpp.o
[ 36%] Built target duckdb_operator_projection
[ 36%] Building CXX object src/execution/operator/schema/CMakeFiles/duckdb_operator_schema.dir/ub_duckdb_operator_schema.cpp.o
[ 46%] Linking CXX static library librocksdblib.a
[ 36%] Built target duckdb_operator_persistent
[ 36%] Building CXX object src/execution/operator/set/CMakeFiles/duckdb_operator_set.dir/ub_duckdb_operator_set.cpp.o
[ 36%] Built target duckdb_operator_scan
[ 37%] Building CXX object src/execution/physical_plan/CMakeFiles/duckdb_physical_plan.dir/ub_duckdb_physical_plan.cpp.o
[ 37%] Built target duckdb_operator_schema
[ 37%] Building CXX object src/execution/index/CMakeFiles/duckdb_execution_index.dir/ub_duckdb_execution_index.cpp.o
[ 37%] Built target duckdb_operator_set
[ 37%] Building CXX object src/execution/index/art/CMakeFiles/duckdb_execution_index_art.dir/ub_duckdb_execution_index_art.cpp.o
[ 37%] Built target duckdb_execution_index
[ 46%] Generating ../include/mysqld_error.h.tmp
[ 46%] Built target GenError
[ 46%] Generating lex_hash.h
[ 46%] Generating lex_token.h
[ 46%] [BISON][gen_oracle_cc_hh] Building parser with bison 3.8.2
[ 46%] Built target GenServerSource
[ 37%] Building CXX object src/execution/sample/CMakeFiles/duckdb_sample.dir/ub_duckdb_sample.cpp.o
[ 46%] Built target rocksdblib
[ 46%] Building CXX object storage/sequence/CMakeFiles/sequence.dir/sequence.cc.o
[ 37%] Built target duckdb_sample
[ 37%] Building CXX object src/main/CMakeFiles/duckdb_main.dir/ub_duckdb_main.cpp.o
[ 47%] Linking CXX static library libsequence.a
[ 37%] Built target duckdb_execution_index_art
[ 47%] Built target sequence
[ 37%] Building CXX object src/main/capi/CMakeFiles/duckdb_main_capi.dir/ub_duckdb_main_capi.cpp.o
[ 37%] Building CXX object src/main/capi/cast/CMakeFiles/duckdb_main_capi_cast.dir/ub_duckdb_main_capi_cast.cpp.o
[ 37%] Built target duckdb_physical_plan
[ 38%] Building CXX object src/main/extension/CMakeFiles/duckdb_main_extension.dir/extension_alias.cpp.o
[ 38%] Built target duckdb_main_capi_cast
[ 39%] Building CXX object src/main/http/CMakeFiles/duckdb_common_http.dir/ub_duckdb_common_http.cpp.o
[ 39%] Building CXX object src/main/extension/CMakeFiles/duckdb_main_extension.dir/extension_helper.cpp.o
[ 39%] Building CXX object src/main/extension/CMakeFiles/duckdb_main_extension.dir/extension_install.cpp.o
[ 39%] Built target duckdb_main_capi
[ 40%] Building CXX object src/main/relation/CMakeFiles/duckdb_main_relation.dir/ub_duckdb_main_relation.cpp.o
[ 40%] Building CXX object src/main/extension/CMakeFiles/duckdb_main_extension.dir/extension_load.cpp.o
[ 40%] Built target duckdb_common_http
[ 40%] Building CXX object src/main/secret/CMakeFiles/duckdb_main_secret.dir/ub_duckdb_main_secret.cpp.o
[ 40%] Building CXX object src/main/extension/CMakeFiles/duckdb_main_extension.dir/extension_loader.cpp.o
[ 40%] Built target duckdb_main_secret
[ 40%] Building CXX object src/main/settings/CMakeFiles/duckdb_main_settings.dir/ub_duckdb_main_settings.cpp.o
[ 40%] Built target duckdb_main_relation
[ 40%] Building CXX object src/main/buffered_data/CMakeFiles/duckdb_main_buffered_data.dir/ub_duckdb_main_buffered_data.cpp.o
[ 40%] Built target duckdb_main_extension
[ 40%] Building CXX object src/main/chunk_scan_state/CMakeFiles/duckdb_main_chunk_scan_state.dir/ub_duckdb_main_chunk_scan_state.cpp.o
[ 40%] Built target duckdb_main_chunk_scan_state
[ 40%] Building CXX object src/parallel/CMakeFiles/duckdb_parallel.dir/ub_duckdb_parallel.cpp.o
[ 40%] Built target duckdb_main_buffered_data
[ 40%] Building CXX object src/storage/CMakeFiles/duckdb_storage.dir/ub_duckdb_storage.cpp.o
[ 40%] Built target duckdb_main_settings
[ 40%] Building CXX object src/storage/buffer/CMakeFiles/duckdb_storage_buffer.dir/ub_duckdb_storage_buffer.cpp.o
[ 40%] Built target duckdb_main
[ 40%] Building CXX object src/storage/checkpoint/CMakeFiles/duckdb_storage_checkpoint.dir/ub_duckdb_storage_checkpoint.cpp.o
[ 40%] Built target duckdb_storage_buffer
[ 40%] Building CXX object src/storage/compression/CMakeFiles/duckdb_storage_compression.dir/ub_duckdb_storage_compression.cpp.o
[ 40%] Built target duckdb_storage_checkpoint
[ 41%] Building CXX object src/storage/compression/chimp/CMakeFiles/duckdb_storage_compression_chimp.dir/ub_duckdb_storage_compression_chimp.cpp.o
[ 41%] Built target duckdb_parallel
[ 41%] Building CXX object src/storage/compression/alp/CMakeFiles/duckdb_storage_compression_alp.dir/ub_duckdb_storage_compression_alp.cpp.o
[ 41%] Built target duckdb_storage_compression_chimp
[ 41%] Building CXX object src/storage/compression/roaring/CMakeFiles/duckdb_storage_compression_roaring.dir/ub_duckdb_storage_compression_roaring.cpp.o
[ 41%] Built target duckdb_storage_compression_alp
[ 41%] Building CXX object src/storage/compression/dictionary/CMakeFiles/duckdb_storage_compression_dictionary.dir/ub_duckdb_storage_compression_dictionary.cpp.o
[ 41%] Built target duckdb_storage_compression_roaring
[ 41%] Building CXX object src/storage/compression/dict_fsst/CMakeFiles/duckdb_storage_compression_dict_fsst.dir/ub_duckdb_storage_compression_dict_fsst.cpp.o
[ 41%] Built target duckdb_storage_compression_dictionary
[ 41%] Building CXX object src/storage/metadata/CMakeFiles/duckdb_storage_metadata.dir/ub_duckdb_storage_metadata.cpp.o
[ 41%] Built target duckdb_storage_metadata
[ 41%] Building CXX object src/storage/serialization/CMakeFiles/duckdb_storage_serialization.dir/ub_duckdb_storage_serialization.cpp.o
[ 41%] Built target duckdb_storage
[ 42%] Building CXX object src/storage/statistics/CMakeFiles/duckdb_storage_statistics.dir/ub_duckdb_storage_statistics.cpp.o
[ 42%] Built target duckdb_storage_compression_dict_fsst
[ 42%] Building CXX object src/storage/table/CMakeFiles/duckdb_storage_table.dir/ub_duckdb_storage_table.cpp.o
[ 42%] Built target duckdb_storage_compression
[ 42%] Building CXX object src/storage/table/variant/CMakeFiles/duckdb_storage_table_variant.dir/ub_duckdb_storage_table_variant.cpp.o
[ 42%] Built target duckdb_storage_statistics
[ 42%] Building CXX object src/transaction/CMakeFiles/duckdb_transaction.dir/ub_duckdb_transaction.cpp.o
[ 42%] Built target duckdb_storage_table_variant
[ 42%] Building CXX object src/verification/CMakeFiles/duckdb_verification.dir/copied_statement_verifier.cpp.o
[ 42%] Building CXX object src/verification/CMakeFiles/duckdb_verification.dir/external_statement_verifier.cpp.o
[ 42%] Building CXX object src/verification/CMakeFiles/duckdb_verification.dir/fetch_row_verifier.cpp.o
[ 42%] Built target duckdb_transaction
[ 42%] Building CXX object third_party/fastpforlib/CMakeFiles/duckdb_fastpforlib.dir/bitpacking.cpp.o
[ 43%] Building CXX object src/verification/CMakeFiles/duckdb_verification.dir/prepared_statement_verifier.cpp.o
[ 43%] Built target duckdb_storage_serialization
[ 43%] Building CXX object third_party/fmt/CMakeFiles/duckdb_fmt.dir/format.cc.o
[ 43%] Building CXX object src/verification/CMakeFiles/duckdb_verification.dir/deserialized_statement_verifier.cpp.o
[ 43%] Linking CXX static library libduckdb_fastpforlib.a
[ 43%] Built target duckdb_fastpforlib
[ 43%] Building CXX object src/verification/CMakeFiles/duckdb_verification.dir/explain_statement_verifier.cpp.o
[ 43%] Building CXX object src/verification/CMakeFiles/duckdb_verification.dir/statement_verifier.cpp.o
[ 43%] Building CXX object src/verification/CMakeFiles/duckdb_verification.dir/parsed_statement_verifier.cpp.o
[ 43%] Building CXX object src/verification/CMakeFiles/duckdb_verification.dir/no_operator_caching_verifier.cpp.o
[ 44%] Building CXX object src/verification/CMakeFiles/duckdb_verification.dir/unoptimized_statement_verifier.cpp.o
[ 44%] Built target duckdb_storage_table
[ 45%] Building CXX object third_party/fsst/CMakeFiles/duckdb_fsst.dir/libfsst.cpp.o
[ 45%] Linking CXX static library libduckdb_fmt.a
[ 45%] Built target duckdb_fmt
[ 45%] Building CXX object third_party/hyperloglog/CMakeFiles/duckdb_hyperloglog.dir/hyperloglog.cpp.o
[ 45%] Linking CXX static library libduckdb_fsst.a
[ 46%] Building CXX object third_party/libpg_query/CMakeFiles/duckdb_pg_query.dir/postgres_parser.cpp.o
[ 46%] Built target duckdb_fsst
[ 46%] Building CXX object third_party/libpg_query/CMakeFiles/duckdb_pg_query.dir/pg_functions.cpp.o
[ 46%] Building CXX object third_party/libpg_query/CMakeFiles/duckdb_pg_query.dir/src_backend_parser_parser.cpp.o
[ 46%] Building CXX object third_party/libpg_query/CMakeFiles/duckdb_pg_query.dir/src_backend_parser_gram.cpp.o
[ 46%] Building CXX object third_party/hyperloglog/CMakeFiles/duckdb_hyperloglog.dir/sds.cpp.o
[ 46%] Building CXX object third_party/libpg_query/CMakeFiles/duckdb_pg_query.dir/src_backend_nodes_list.cpp.o
[ 46%] Building CXX object third_party/libpg_query/CMakeFiles/duckdb_pg_query.dir/src_backend_parser_scansup.cpp.o
[ 46%] Built target duckdb_verification
[ 46%] Building CXX object third_party/mbedtls/CMakeFiles/duckdb_mbedtls.dir/mbedtls_wrapper.cpp.o
[ 46%] Linking CXX static library libduckdb_hyperloglog.a
[ 46%] Built target duckdb_hyperloglog
[ 46%] Building CXX object third_party/miniz/CMakeFiles/duckdb_miniz.dir/miniz.cpp.o
[ 47%] Building CXX object third_party/libpg_query/CMakeFiles/duckdb_pg_query.dir/src_backend_nodes_makefuncs.cpp.o
[ 47%] Building CXX object third_party/libpg_query/CMakeFiles/duckdb_pg_query.dir/src_backend_nodes_value.cpp.o
[ 47%] Building CXX object third_party/libpg_query/CMakeFiles/duckdb_pg_query.dir/src_backend_parser_scan.cpp.o
[ 47%] Building CXX object third_party/libpg_query/CMakeFiles/duckdb_pg_query.dir/src_common_keywords.cpp.o
[ 47%] Building CXX object third_party/re2/CMakeFiles/duckdb_re2.dir/re2/bitmap256.cc.o
[ 48%] Building CXX object third_party/re2/CMakeFiles/duckdb_re2.dir/re2/compile.cc.o
[ 48%] Linking CXX static library libduckdb_pg_query.a
[ 48%] Built target duckdb_pg_query
[ 48%] Building CXX object third_party/re2/CMakeFiles/duckdb_re2.dir/re2/bitstate.cc.o
[ 48%] Linking CXX static library libduckdb_miniz.a
[ 48%] Built target duckdb_miniz
[ 48%] Building CXX object third_party/re2/CMakeFiles/duckdb_re2.dir/re2/dfa.cc.o
[ 48%] Building CXX object third_party/re2/CMakeFiles/duckdb_re2.dir/re2/filtered_re2.cc.o
[ 48%] Building CXX object third_party/re2/CMakeFiles/duckdb_re2.dir/re2/mimics_pcre.cc.o
[ 48%] Building CXX object third_party/re2/CMakeFiles/duckdb_re2.dir/re2/nfa.cc.o
[ 48%] Building CXX object third_party/mbedtls/CMakeFiles/duckdb_mbedtls.dir/library/aes.cpp.o
[ 48%] Building CXX object third_party/mbedtls/CMakeFiles/duckdb_mbedtls.dir/library/asn1parse.cpp.o
[ 49%] Building CXX object third_party/re2/CMakeFiles/duckdb_re2.dir/re2/onepass.cc.o
[ 50%] Building CXX object third_party/mbedtls/CMakeFiles/duckdb_mbedtls.dir/library/asn1write.cpp.o
[ 50%] Building CXX object third_party/mbedtls/CMakeFiles/duckdb_mbedtls.dir/library/base64.cpp.o
[ 50%] Building CXX object third_party/re2/CMakeFiles/duckdb_re2.dir/re2/parse.cc.o
[ 50%] Building CXX object third_party/mbedtls/CMakeFiles/duckdb_mbedtls.dir/library/bignum.cpp.o
[ 50%] Building CXX object third_party/re2/CMakeFiles/duckdb_re2.dir/re2/perl_groups.cc.o
[ 50%] Building CXX object third_party/re2/CMakeFiles/duckdb_re2.dir/re2/prefilter.cc.o
[ 47%] Building C object plugin/auth_socket/CMakeFiles/auth_socket.dir/auth_socket.c.o
[ 47%] Linking C static library libauth_socket.a
[ 47%] Built target auth_socket
[ 47%] Building CXX object plugin/feedback/CMakeFiles/feedback.dir/feedback.cc.o
[ 50%] Building CXX object third_party/mbedtls/CMakeFiles/duckdb_mbedtls.dir/library/bignum_core.cpp.o
[ 50%] Building CXX object third_party/mbedtls/CMakeFiles/duckdb_mbedtls.dir/library/cipher.cpp.o
[ 50%] Building CXX object third_party/re2/CMakeFiles/duckdb_re2.dir/re2/prefilter_tree.cc.o
[ 50%] Building CXX object third_party/mbedtls/CMakeFiles/duckdb_mbedtls.dir/library/cipher_wrap.cpp.o
[ 51%] Building CXX object third_party/mbedtls/CMakeFiles/duckdb_mbedtls.dir/library/constant_time.cpp.o
[ 51%] Building CXX object third_party/mbedtls/CMakeFiles/duckdb_mbedtls.dir/library/gcm.cpp.o
[ 51%] Building CXX object third_party/mbedtls/CMakeFiles/duckdb_mbedtls.dir/library/md.cpp.o
[ 51%] Building CXX object third_party/mbedtls/CMakeFiles/duckdb_mbedtls.dir/library/oid.cpp.o
[ 51%] Building CXX object third_party/skiplist/CMakeFiles/duckdb_skiplistlib.dir/SkipList.cpp.o
[ 51%] Building CXX object third_party/mbedtls/CMakeFiles/duckdb_mbedtls.dir/library/pem.cpp.o
[ 51%] Building CXX object third_party/mbedtls/CMakeFiles/duckdb_mbedtls.dir/library/pk.cpp.o
[ 52%] Building CXX object third_party/mbedtls/CMakeFiles/duckdb_mbedtls.dir/library/pk_wrap.cpp.o
[ 52%] Linking CXX static library libduckdb_skiplistlib.a
[ 52%] Built target duckdb_skiplistlib
[ 52%] Building CXX object third_party/utf8proc/CMakeFiles/duckdb_utf8proc.dir/utf8proc.cpp.o
[ 52%] Building CXX object third_party/mbedtls/CMakeFiles/duckdb_mbedtls.dir/library/pkparse.cpp.o
[ 52%] Building CXX object third_party/mbedtls/CMakeFiles/duckdb_mbedtls.dir/library/platform.cpp.o
[ 52%] Building CXX object third_party/mbedtls/CMakeFiles/duckdb_mbedtls.dir/library/platform_util.cpp.o
[ 52%] Building CXX object third_party/mbedtls/CMakeFiles/duckdb_mbedtls.dir/library/rsa.cpp.o
[ 52%] Building CXX object third_party/mbedtls/CMakeFiles/duckdb_mbedtls.dir/library/rsa_alt_helpers.cpp.o
[ 52%] Building CXX object third_party/re2/CMakeFiles/duckdb_re2.dir/re2/prog.cc.o
[ 53%] Building CXX object third_party/utf8proc/CMakeFiles/duckdb_utf8proc.dir/utf8proc_wrapper.cpp.o
[ 54%] Building CXX object third_party/mbedtls/CMakeFiles/duckdb_mbedtls.dir/library/sha1.cpp.o
[ 54%] Building CXX object third_party/mbedtls/CMakeFiles/duckdb_mbedtls.dir/library/sha256.cpp.o
[ 54%] Linking CXX static library libduckdb_mbedtls.a
[ 54%] Built target duckdb_mbedtls
[ 54%] Building CXX object third_party/yyjson/CMakeFiles/duckdb_yyjson.dir/yyjson.cpp.o
[ 54%] Linking CXX static library libduckdb_utf8proc.a
[ 54%] Built target duckdb_utf8proc
[ 54%] Building CXX object extension/CMakeFiles/dummy_static_extension_loader.dir/loader/dummy_static_extension_loader.cpp.o
[ 55%] Building CXX object third_party/re2/CMakeFiles/duckdb_re2.dir/re2/re2.cc.o
[ 47%] Building CXX object plugin/feedback/CMakeFiles/feedback.dir/sender_thread.cc.o
[ 55%] Building CXX object third_party/re2/CMakeFiles/duckdb_re2.dir/re2/regexp.cc.o
[ 55%] Building CXX object third_party/re2/CMakeFiles/duckdb_re2.dir/re2/set.cc.o
[ 55%] Linking CXX static library libdummy_static_extension_loader.a
[ 55%] Built target dummy_static_extension_loader
[ 55%] Building CXX object extension/core_functions/aggregate/algebraic/CMakeFiles/duckdb_core_functions_algebraic.dir/ub_duckdb_core_functions_algebraic.cpp.o
[ 55%] Building CXX object third_party/re2/CMakeFiles/duckdb_re2.dir/re2/simplify.cc.o
[ 55%] Building CXX object third_party/re2/CMakeFiles/duckdb_re2.dir/re2/stringpiece.cc.o
[ 47%] Building CXX object plugin/feedback/CMakeFiles/feedback.dir/url_base.cc.o
[ 55%] Building CXX object third_party/re2/CMakeFiles/duckdb_re2.dir/re2/tostring.cc.o
[ 56%] Building CXX object third_party/re2/CMakeFiles/duckdb_re2.dir/re2/unicode_casefold.cc.o
[ 56%] Building CXX object third_party/re2/CMakeFiles/duckdb_re2.dir/re2/unicode_groups.cc.o
[ 56%] Building CXX object third_party/re2/CMakeFiles/duckdb_re2.dir/util/rune.cc.o
[ 56%] Building CXX object third_party/re2/CMakeFiles/duckdb_re2.dir/util/strutil.cc.o
[ 56%] Linking CXX static library libduckdb_re2.a
[ 56%] Built target duckdb_re2
[ 56%] Building CXX object extension/core_functions/aggregate/distributive/CMakeFiles/duckdb_core_functions_distributive.dir/ub_duckdb_core_functions_distributive.cpp.o
[ 56%] Linking CXX static library libduckdb_yyjson.a
[ 56%] Built target duckdb_yyjson
[ 56%] Building CXX object extension/core_functions/aggregate/holistic/CMakeFiles/duckdb_core_functions_holistic.dir/ub_duckdb_core_functions_holistic.cpp.o
[ 47%] Building CXX object plugin/feedback/CMakeFiles/feedback.dir/url_http.cc.o
[ 56%] Built target duckdb_core_functions_algebraic
[ 57%] Building CXX object extension/core_functions/aggregate/nested/CMakeFiles/duckdb_core_functions_nested.dir/ub_duckdb_core_functions_nested.cpp.o
[ 47%] Building CXX object plugin/feedback/CMakeFiles/feedback.dir/utils.cc.o
[ 47%] Linking CXX static library libfeedback.a
[ 47%] Built target feedback
[ 47%] Building CXX object plugin/type_assoc_array/CMakeFiles/type_assoc_array.dir/sql_type_assoc_array.cc.o
[ 57%] Built target duckdb_core_functions_nested
[ 57%] Building CXX object extension/core_functions/aggregate/regression/CMakeFiles/duckdb_core_functions_regression.dir/ub_duckdb_core_functions_regression.cpp.o
[ 47%] Linking CXX static library libtype_assoc_array.a
[ 47%] Built target type_assoc_array
[ 47%] Building CXX object plugin/type_cursor/CMakeFiles/type_cursor.dir/plugin.cc.o
[ 57%] Built target duckdb_core_functions_regression
[ 58%] Building CXX object extension/core_functions/scalar/array/CMakeFiles/duckdb_core_functions_array.dir/ub_duckdb_core_functions_array.cpp.o
[ 47%] Linking CXX static library libtype_cursor.a
[ 47%] Built target type_cursor
[ 47%] Building CXX object plugin/type_geom/CMakeFiles/type_geom.dir/plugin.cc.o
[ 47%] Linking CXX static library libtype_geom.a
[ 47%] Built target type_geom
[ 47%] Building CXX object plugin/type_inet/CMakeFiles/type_inet.dir/plugin.cc.o
[ 58%] Built target duckdb_core_functions_array
[ 58%] Building CXX object extension/core_functions/scalar/bit/CMakeFiles/duckdb_core_functions_bit.dir/ub_duckdb_core_functions_bit.cpp.o
[ 58%] Built target duckdb_core_functions_bit
[ 58%] Building CXX object extension/core_functions/scalar/blob/CMakeFiles/duckdb_core_functions_blob.dir/ub_duckdb_core_functions_blob.cpp.o
[ 58%] Built target duckdb_core_functions_blob
[ 58%] Building CXX object extension/core_functions/scalar/date/CMakeFiles/duckdb_core_functions_date.dir/ub_duckdb_core_functions_date.cpp.o
[ 47%] Building CXX object plugin/type_inet/CMakeFiles/type_inet.dir/item_inetfunc.cc.o
[ 47%] Building CXX object plugin/type_inet/CMakeFiles/type_inet.dir/sql_type_inet.cc.o
[ 58%] Built target duckdb_core_functions_holistic
[ 58%] Building CXX object extension/core_functions/scalar/debug/CMakeFiles/duckdb_core_functions_debug.dir/ub_duckdb_core_functions_debug.cpp.o
[ 58%] Built target duckdb_core_functions_debug
[ 59%] Building CXX object extension/core_functions/scalar/enum/CMakeFiles/duckdb_core_functions_enum.dir/ub_duckdb_core_functions_enum.cpp.o
[ 59%] Built target duckdb_core_functions_enum
[ 59%] Building CXX object extension/core_functions/scalar/generic/CMakeFiles/duckdb_core_functions_generic.dir/ub_duckdb_core_functions_generic.cpp.o
[ 59%] Built target duckdb_core_functions_distributive
[ 59%] Building CXX object extension/core_functions/scalar/list/CMakeFiles/duckdb_core_functions_list.dir/ub_duckdb_core_functions_list.cpp.o
[ 47%] Linking CXX static library libtype_inet.a
[ 47%] Built target type_inet
[ 47%] Building CXX object plugin/type_uuid/CMakeFiles/type_uuid.dir/plugin.cc.o
[ 59%] Built target duckdb_core_functions_generic
[ 59%] Building CXX object extension/core_functions/scalar/map/CMakeFiles/duckdb_core_functions_map.dir/ub_duckdb_core_functions_map.cpp.o
[ 47%] Building CXX object plugin/type_uuid/CMakeFiles/type_uuid.dir/item_uuidfunc.cc.o
[ 59%] Built target duckdb_core_functions_list
[ 59%] Building CXX object extension/core_functions/scalar/math/CMakeFiles/duckdb_core_functions_math.dir/ub_duckdb_core_functions_math.cpp.o
[ 59%] Built target duckdb_core_functions_date
[ 59%] Building CXX object extension/core_functions/scalar/operators/CMakeFiles/duckdb_core_functions_operators.dir/ub_duckdb_core_functions_operators.cpp.o
[ 59%] Built target duckdb_core_functions_map
[ 59%] Building CXX object extension/core_functions/scalar/random/CMakeFiles/duckdb_core_functions_random.dir/ub_duckdb_core_functions_random.cpp.o
[ 47%] Linking CXX static library libtype_uuid.a
[ 47%] Built target type_uuid
[ 47%] Building CXX object plugin/type_xmltype/CMakeFiles/type_xmltype.dir/plugin.cc.o
[ 59%] Built target duckdb_core_functions_random
[ 59%] Building CXX object extension/core_functions/scalar/string/CMakeFiles/duckdb_core_functions_string.dir/ub_duckdb_core_functions_string.cpp.o
[ 47%] Building CXX object plugin/type_xmltype/CMakeFiles/type_xmltype.dir/sql_type_xmltype.cc.o
[ 59%] Built target duckdb_core_functions_operators
[ 59%] Building CXX object extension/core_functions/scalar/struct/CMakeFiles/duckdb_core_functions_struct.dir/ub_duckdb_core_functions_struct.cpp.o
[ 47%] Linking CXX static library libtype_xmltype.a
[ 47%] Built target type_xmltype
[ 47%] Building CXX object plugin/user_variables/CMakeFiles/user_variables.dir/user_variables.cc.o
[ 59%] Built target duckdb_core_functions_math
[ 60%] Building CXX object extension/core_functions/scalar/union/CMakeFiles/duckdb_core_functions_union.dir/ub_duckdb_core_functions_union.cpp.o
[ 47%] Linking CXX static library libuser_variables.a
[ 47%] Built target user_variables
[ 47%] Building CXX object plugin/userstat/CMakeFiles/userstat.dir/userstat.cc.o
[ 60%] Built target duckdb_core_functions_struct
[ 60%] Building CXX object extension/icu/third_party/icu/common/CMakeFiles/duckdb_icu_common.dir/ub_duckdb_icu_common.cpp.o
[ 47%] Linking CXX static library libuserstat.a
[ 47%] Built target userstat
[ 47%] Building CXX object sql/CMakeFiles/wsrep_provider.dir/wsrep_client_service.cc.o
[ 60%] Built target duckdb_core_functions_union
[ 61%] Building CXX object extension/icu/third_party/icu/i18n/CMakeFiles/duckdb_icu_i18n.dir/ub_duckdb_icu_i18n.cpp.o
[ 61%] Built target duckdb_core_functions_string
[ 61%] Building CXX object extension/icu/third_party/icu/stubdata/CMakeFiles/duckdb_icu_stubdata.dir/stubdata.cpp.o
[ 47%] Building CXX object sql/CMakeFiles/wsrep_provider.dir/wsrep_high_priority_service.cc.o
[ 48%] Building CXX object sql/CMakeFiles/wsrep_provider.dir/wsrep_server_service.cc.o
[ 61%] Built target duckdb_icu_stubdata
[ 61%] Building CXX object extension/json/json_functions/CMakeFiles/duckdb_json_functions.dir/ub_duckdb_json_functions.cpp.o
[ 48%] Building CXX object sql/CMakeFiles/wsrep_provider.dir/wsrep_storage_service.cc.o
[ 48%] Building CXX object sql/CMakeFiles/wsrep_provider.dir/wsrep_server_state.cc.o
[ 48%] Building CXX object sql/CMakeFiles/wsrep_provider.dir/wsrep_event_service.cc.o
[ 61%] Built target duckdb_icu_common
[ 62%] Building CXX object extension/CMakeFiles/duckdb_generated_extension_loader.dir/__/codegen/src/generated_extension_loader.cpp.o
[ 48%] Building CXX object sql/CMakeFiles/wsrep_provider.dir/wsrep_status.cc.o
[ 48%] Building CXX object sql/CMakeFiles/wsrep_provider.dir/wsrep_allowlist_service.cc.o
[ 48%] Building CXX object sql/CMakeFiles/wsrep_provider.dir/wsrep_utils.cc.o
[ 62%] Linking CXX static library libduckdb_generated_extension_loader.a
[ 62%] Built target duckdb_generated_extension_loader
[ 48%] Building CXX object sql/CMakeFiles/wsrep_provider.dir/wsrep_xid.cc.o
[ 48%] Building CXX object sql/CMakeFiles/wsrep_provider.dir/wsrep_check_opts.cc.o
[ 48%] Building CXX object sql/CMakeFiles/wsrep_provider.dir/wsrep_mysqld.cc.o
[ 62%] Built target duckdb_json_functions
[ 63%] Generating duckdb_platform_out
[ 63%] Built target duckdb_platform
[ 64%] Linking CXX static library libduckdb_static.a
[ 64%] Built target duckdb_static
[ 48%] Building CXX object sql/CMakeFiles/wsrep_provider.dir/wsrep_notify.cc.o
[ 48%] Building CXX object sql/CMakeFiles/wsrep_provider.dir/wsrep_sst.cc.o
[ 48%] Building CXX object sql/CMakeFiles/wsrep_provider.dir/wsrep_var.cc.o
[ 48%] Building CXX object sql/CMakeFiles/wsrep_provider.dir/wsrep_binlog.cc.o
[ 48%] Building CXX object sql/CMakeFiles/wsrep_provider.dir/wsrep_applier.cc.o
[ 48%] Building CXX object sql/CMakeFiles/wsrep_provider.dir/wsrep_thd.cc.o
[ 48%] Building CXX object sql/CMakeFiles/wsrep_provider.dir/wsrep_schema.cc.o
[ 64%] Built target duckdb_icu_i18n
[ 64%] Building CXX object extension/parquet/CMakeFiles/parquet_loadable_extension.dir/column_reader.cpp.o
[ 48%] Building CXX object sql/CMakeFiles/wsrep_provider.dir/wsrep_plugin.cc.o
[ 48%] Building CXX object sql/CMakeFiles/wsrep_provider.dir/service_wsrep.cc.o
[ 64%] Building CXX object extension/parquet/CMakeFiles/parquet_loadable_extension.dir/column_writer.cpp.o
[ 48%] Building CXX object sql/CMakeFiles/wsrep.dir/wsrep_client_service.cc.o
[ 48%] Linking CXX static library libwsrep_provider.a
[ 48%] Built target wsrep_provider
[ 48%] Building CXX object sql/CMakeFiles/wsrep.dir/wsrep_high_priority_service.cc.o
[ 48%] Building CXX object sql/CMakeFiles/wsrep.dir/wsrep_server_service.cc.o
[ 48%] Building CXX object sql/CMakeFiles/wsrep.dir/wsrep_storage_service.cc.o
[ 48%] Building CXX object sql/CMakeFiles/wsrep.dir/wsrep_server_state.cc.o
[ 48%] Building CXX object sql/CMakeFiles/wsrep.dir/wsrep_event_service.cc.o
[ 48%] Building CXX object sql/CMakeFiles/wsrep.dir/wsrep_status.cc.o
[ 48%] Building CXX object sql/CMakeFiles/wsrep.dir/wsrep_allowlist_service.cc.o
[ 48%] Building CXX object sql/CMakeFiles/wsrep.dir/wsrep_utils.cc.o
[ 48%] Building CXX object sql/CMakeFiles/wsrep.dir/wsrep_xid.cc.o
[ 48%] Building CXX object sql/CMakeFiles/wsrep.dir/wsrep_check_opts.cc.o
[ 48%] Building CXX object sql/CMakeFiles/wsrep.dir/wsrep_mysqld.cc.o
[ 64%] Building CXX object extension/parquet/CMakeFiles/parquet_loadable_extension.dir/parquet_crypto.cpp.o
[ 48%] Building CXX object sql/CMakeFiles/wsrep.dir/wsrep_notify.cc.o
[ 48%] Building CXX object sql/CMakeFiles/wsrep.dir/wsrep_sst.cc.o
[ 48%] Building CXX object sql/CMakeFiles/wsrep.dir/wsrep_var.cc.o
[ 48%] Building CXX object sql/CMakeFiles/wsrep.dir/wsrep_binlog.cc.o
[ 49%] Building CXX object sql/CMakeFiles/wsrep.dir/wsrep_applier.cc.o
[ 49%] Building CXX object sql/CMakeFiles/wsrep.dir/wsrep_thd.cc.o
[ 64%] Building CXX object extension/parquet/CMakeFiles/parquet_loadable_extension.dir/parquet_extension.cpp.o
[ 49%] Building CXX object sql/CMakeFiles/wsrep.dir/wsrep_schema.cc.o
[ 49%] Building CXX object sql/CMakeFiles/wsrep.dir/wsrep_plugin.cc.o
[ 49%] Building CXX object sql/CMakeFiles/wsrep.dir/service_wsrep.cc.o
[ 65%] Building CXX object extension/parquet/CMakeFiles/parquet_loadable_extension.dir/parquet_file_metadata_cache.cpp.o
[ 65%] Building CXX object extension/parquet/CMakeFiles/parquet_loadable_extension.dir/parquet_float16.cpp.o
[ 49%] Linking CXX static library libwsrep.a
[ 49%] Built target wsrep
[ 49%] Building CXX object sql/CMakeFiles/thread_pool_info.dir/thread_pool_info.cc.o
[ 65%] Building CXX object extension/parquet/CMakeFiles/parquet_loadable_extension.dir/parquet_multi_file_info.cpp.o
[ 65%] Building CXX object extension/parquet/CMakeFiles/parquet_loadable_extension.dir/parquet_metadata.cpp.o
[ 65%] Building CXX object extension/parquet/CMakeFiles/parquet_loadable_extension.dir/parquet_reader.cpp.o
[ 49%] Linking CXX static library libthread_pool_info.a
[ 49%] Built target thread_pool_info
[ 49%] Building CXX object sql/CMakeFiles/partition.dir/ha_partition.cc.o
[ 65%] Building CXX object extension/parquet/CMakeFiles/parquet_loadable_extension.dir/parquet_field_id.cpp.o
[ 66%] Building CXX object extension/parquet/CMakeFiles/parquet_loadable_extension.dir/parquet_statistics.cpp.o
[ 49%] Linking CXX static library libpartition.a
[ 49%] Built target partition
[ 49%] Building CXX object sql/CMakeFiles/sql_sequence.dir/ha_sequence.cc.o
[ 66%] Building CXX object extension/parquet/CMakeFiles/parquet_loadable_extension.dir/parquet_timestamp.cpp.o
[ 66%] Building CXX object extension/parquet/CMakeFiles/parquet_loadable_extension.dir/parquet_writer.cpp.o
[ 49%] Linking CXX static library libsql_sequence.a
[ 66%] Building CXX object extension/parquet/CMakeFiles/parquet_loadable_extension.dir/parquet_shredding.cpp.o
[ 49%] Built target sql_sequence
[ 49%] Building CXX object extra/mariabackup/CMakeFiles/mbstream.dir/ds_buffer.cc.o
[ 49%] Building CXX object extra/mariabackup/CMakeFiles/mbstream.dir/ds_local.cc.o
[ 66%] Building CXX object extension/parquet/CMakeFiles/parquet_loadable_extension.dir/parquet_column_schema.cpp.o
[ 66%] Building CXX object extension/parquet/CMakeFiles/parquet_loadable_extension.dir/parquet_geometry.cpp.o
[ 49%] Building CXX object extra/mariabackup/CMakeFiles/mbstream.dir/ds_stdout.cc.o
[ 49%] Building CXX object extra/mariabackup/CMakeFiles/mbstream.dir/datasink.cc.o
[ 49%] Building CXX object extra/mariabackup/CMakeFiles/mbstream.dir/xbstream.cc.o
[ 49%] Building CXX object extra/mariabackup/CMakeFiles/mbstream.dir/xbstream_read.cc.o
[ 49%] Building CXX object extra/mariabackup/CMakeFiles/mbstream.dir/xbstream_write.cc.o
[ 49%] Linking CXX executable mbstream
[ 49%] Built target mbstream
[ 49%] Building CXX object storage/maria/CMakeFiles/s3.dir/ha_s3.cc.o
[ 67%] Building CXX object extension/parquet/CMakeFiles/parquet_loadable_extension.dir/serialize_parquet.cpp.o
[ 67%] Building CXX object extension/parquet/CMakeFiles/parquet_loadable_extension.dir/zstd_file_system.cpp.o
[ 49%] Building CXX object storage/mroonga/CMakeFiles/mroonga.dir/ha_mroonga.cpp.o
[ 49%] Building C object storage/maria/CMakeFiles/s3.dir/s3_func.c.o
[ 49%] Building C object storage/maria/CMakeFiles/s3.dir/libmarias3/src/debug.c.o
[ 49%] Building C object storage/maria/CMakeFiles/s3.dir/libmarias3/src/error.c.o
[ 49%] Building C object storage/maria/CMakeFiles/s3.dir/libmarias3/src/marias3.c.o
[ 49%] Building C object storage/maria/CMakeFiles/s3.dir/libmarias3/src/request.c.o
[ 49%] Building C object storage/maria/CMakeFiles/s3.dir/libmarias3/src/response.c.o
[ 49%] Building C object storage/maria/CMakeFiles/s3.dir/libmarias3/src/sha256.c.o
[ 49%] Building C object storage/maria/CMakeFiles/s3.dir/libmarias3/src/sha256-internal.c.o
[ 49%] Building C object storage/maria/CMakeFiles/s3.dir/libmarias3/src/xml.c.o
[ 49%] Building C object storage/maria/CMakeFiles/s3.dir/libmarias3/src/assume_role.c.o
[ 49%] Linking CXX shared module ha_s3.so
[ 49%] Built target s3
[ 49%] Building CXX object storage/oqgraph/CMakeFiles/oqgraph.dir/ha_oqgraph.cc.o
[ 67%] Building CXX object extension/parquet/CMakeFiles/parquet_loadable_extension.dir/__/__/third_party/parquet/parquet_types.cpp.o
[ 67%] Building CXX object extension/parquet/CMakeFiles/parquet_loadable_extension.dir/__/__/third_party/thrift/thrift/protocol/TProtocol.cpp.o
[ 67%] Building CXX object extension/parquet/CMakeFiles/parquet_loadable_extension.dir/__/__/third_party/thrift/thrift/transport/TTransportException.cpp.o
[ 49%] Building CXX object storage/oqgraph/CMakeFiles/oqgraph.dir/graphcore.cc.o
[ 49%] Building CXX object storage/oqgraph/CMakeFiles/oqgraph.dir/graphcore-graph.cc.o
[ 49%] Building CXX object storage/oqgraph/CMakeFiles/oqgraph.dir/oqgraph_shim.cc.o
[ 49%] Building CXX object storage/mroonga/CMakeFiles/mroonga.dir/mrn_table.cpp.o
[ 49%] Building CXX object storage/oqgraph/CMakeFiles/oqgraph.dir/oqgraph_thunk.cc.o
[ 49%] Building CXX object storage/oqgraph/CMakeFiles/oqgraph.dir/oqgraph_judy.cc.o
[ 49%] Building CXX object storage/rocksdb/CMakeFiles/rocksdb_aux_lib.dir/rdb_cf_options.cc.o
[ 49%] Building CXX object storage/mroonga/CMakeFiles/mroonga.dir/udf/mrn_udf_last_insert_grn_id.cpp.o
[ 68%] Building CXX object extension/parquet/CMakeFiles/parquet_loadable_extension.dir/__/__/third_party/thrift/thrift/transport/TBufferTransports.cpp.o
[ 68%] Building CXX object extension/parquet/CMakeFiles/parquet_loadable_extension.dir/__/__/third_party/snappy/snappy.cc.o
[ 49%] Linking CXX shared module ha_oqgraph.so
[ 49%] Built target oqgraph
[ 50%] Building CXX object storage/rocksdb/CMakeFiles/sst_dump.dir/rocksdb/tools/sst_dump.cc.o
[ 68%] Building CXX object extension/parquet/CMakeFiles/parquet_loadable_extension.dir/__/__/third_party/snappy/snappy-sinksource.cc.o
[ 68%] Building CXX object extension/parquet/CMakeFiles/parquet_loadable_extension.dir/__/__/third_party/lz4/lz4.cpp.o
[ 50%] Linking CXX executable sst_dump
[ 68%] Building CXX object extension/parquet/CMakeFiles/parquet_loadable_extension.dir/__/__/third_party/brotli/enc/dictionary_hash.cpp.o
[ 68%] Building CXX object extension/parquet/CMakeFiles/parquet_loadable_extension.dir/__/__/third_party/brotli/enc/backward_references_hq.cpp.o
[ 50%] Building CXX object storage/rocksdb/CMakeFiles/rocksdb_aux_lib.dir/event_listener.cc.o
[ 69%] Building CXX object extension/parquet/CMakeFiles/parquet_loadable_extension.dir/__/__/third_party/brotli/enc/histogram.cpp.o
[ 69%] Building CXX object extension/parquet/CMakeFiles/parquet_loadable_extension.dir/__/__/third_party/brotli/enc/memory.cpp.o
[ 69%] Building CXX object extension/parquet/CMakeFiles/parquet_loadable_extension.dir/__/__/third_party/brotli/enc/entropy_encode.cpp.o
[ 50%] Building CXX object storage/mroonga/CMakeFiles/mroonga.dir/udf/mrn_udf_snippet.cpp.o
[ 69%] Building CXX object extension/parquet/CMakeFiles/parquet_loadable_extension.dir/__/__/third_party/brotli/enc/compound_dictionary.cpp.o
[ 69%] Building CXX object extension/parquet/CMakeFiles/parquet_loadable_extension.dir/__/__/third_party/brotli/enc/compress_fragment_two_pass.cpp.o
[ 69%] Building CXX object extension/parquet/CMakeFiles/parquet_loadable_extension.dir/__/__/third_party/brotli/enc/block_splitter.cpp.o
[ 50%] Building CXX object storage/rocksdb/CMakeFiles/rocksdb_aux_lib.dir/rdb_perf_context.cc.o
[ 70%] Building CXX object extension/parquet/CMakeFiles/parquet_loadable_extension.dir/__/__/third_party/brotli/enc/command.cpp.o
[ 70%] Building CXX object extension/parquet/CMakeFiles/parquet_loadable_extension.dir/__/__/third_party/brotli/enc/encode.cpp.o
[ 50%] Built target sst_dump
[ 70%] Building CXX object extension/parquet/CMakeFiles/parquet_loadable_extension.dir/__/__/third_party/brotli/enc/encoder_dict.cpp.o
[ 70%] Building CXX object extension/parquet/CMakeFiles/parquet_loadable_extension.dir/__/__/third_party/brotli/enc/cluster.cpp.o
[ 50%] Building CXX object storage/mroonga/CMakeFiles/mroonga.dir/udf/mrn_udf_snippet_html.cpp.o
[ 70%] Building CXX object extension/parquet/CMakeFiles/parquet_loadable_extension.dir/__/__/third_party/brotli/enc/backward_references.cpp.o
[ 51%] Building CXX object storage/rocksdb/CMakeFiles/rocksdb_aux_lib.dir/nosql_access.cc.o
[ 71%] Building CXX object extension/core_functions/CMakeFiles/core_functions_loadable_extension.dir/core_functions_extension.cpp.o
[ 51%] Building CXX object storage/mroonga/CMakeFiles/mroonga.dir/udf/mrn_udf_command.cpp.o
[ 51%] Linking CXX static library librocksdb_aux_lib.a
[ 51%] Built target rocksdb_aux_lib
[ 51%] Building CXX object storage/sphinx/CMakeFiles/sphinx.dir/ha_sphinx.cc.o
[ 71%] Building CXX object extension/core_functions/CMakeFiles/core_functions_loadable_extension.dir/function_list.cpp.o
[ 71%] Building CXX object extension/parquet/CMakeFiles/parquet_loadable_extension.dir/__/__/third_party/brotli/enc/utf8_util.cpp.o
[ 72%] Building CXX object extension/parquet/CMakeFiles/parquet_loadable_extension.dir/__/__/third_party/brotli/enc/compress_fragment.cpp.o
[ 72%] Building CXX object extension/parquet/CMakeFiles/parquet_loadable_extension.dir/__/__/third_party/brotli/enc/fast_log.cpp.o
[ 72%] Building CXX object extension/parquet/CMakeFiles/parquet_loadable_extension.dir/__/__/third_party/brotli/enc/brotli_bit_stream.cpp.o
[ 51%] Building CXX object storage/mroonga/CMakeFiles/mroonga.dir/udf/mrn_udf_escape.cpp.o
[ 72%] Building CXX object extension/parquet/CMakeFiles/parquet_loadable_extension.dir/__/__/third_party/brotli/enc/bit_cost.cpp.o
[ 72%] Building CXX object extension/parquet/CMakeFiles/parquet_loadable_extension.dir/__/__/third_party/brotli/enc/static_dict.cpp.o
[ 72%] Building CXX object extension/parquet/CMakeFiles/parquet_loadable_extension.dir/__/__/third_party/brotli/enc/literal_cost.cpp.o
[ 73%] Building CXX object extension/parquet/CMakeFiles/parquet_loadable_extension.dir/__/__/third_party/brotli/enc/metablock.cpp.o
[ 73%] Building CXX object extension/core_functions/CMakeFiles/core_functions_loadable_extension.dir/lambda_functions.cpp.o
[ 73%] Building CXX object extension/parquet/CMakeFiles/parquet_loadable_extension.dir/__/__/third_party/brotli/common/dictionary.cpp.o
[ 51%] Building CXX object storage/sphinx/CMakeFiles/sphinx.dir/snippets_udf.cc.o
[ 73%] Building CXX object extension/parquet/CMakeFiles/parquet_loadable_extension.dir/__/__/third_party/brotli/common/constants.cpp.o
[ 73%] Building CXX object extension/parquet/CMakeFiles/parquet_loadable_extension.dir/__/__/third_party/brotli/common/transform.cpp.o
[ 73%] Building CXX object extension/parquet/CMakeFiles/parquet_loadable_extension.dir/__/__/third_party/brotli/common/platform.cpp.o
[ 73%] Building CXX object extension/parquet/CMakeFiles/parquet_loadable_extension.dir/__/__/third_party/brotli/common/shared_dictionary.cpp.o
[ 74%] Building CXX object extension/parquet/CMakeFiles/parquet_loadable_extension.dir/__/__/third_party/brotli/common/context.cpp.o
[ 74%] Building CXX object extension/parquet/CMakeFiles/parquet_loadable_extension.dir/__/__/third_party/brotli/dec/state.cpp.o
[ 74%] Building CXX object extension/parquet/CMakeFiles/parquet_loadable_extension.dir/__/__/third_party/brotli/dec/decode.cpp.o
[ 51%] Building CXX object storage/mroonga/CMakeFiles/mroonga.dir/udf/mrn_udf_normalize.cpp.o
[ 74%] Building CXX object extension/parquet/CMakeFiles/parquet_loadable_extension.dir/__/__/third_party/brotli/dec/huffman.cpp.o
[ 74%] Building CXX object extension/parquet/CMakeFiles/parquet_loadable_extension.dir/__/__/third_party/brotli/dec/bit_reader.cpp.o
[ 75%] Linking CXX shared library parquet.duckdb_extension
[ 75%] Built target parquet_loadable_extension
[ 75%] Building CXX object extension/icu/CMakeFiles/icu_loadable_extension.dir/icu_extension.cpp.o
[ 51%] Linking CXX shared module ha_sphinx.so
[ 51%] Built target sphinx
[ 51%] Building CXX object storage/spider/CMakeFiles/spider.dir/spd_param.cc.o
[ 75%] Linking CXX shared library core_functions.duckdb_extension
[ 51%] Building CXX object storage/mroonga/CMakeFiles/mroonga.dir/udf/mrn_udf_highlight_html.cpp.o
[ 75%] Built target core_functions_loadable_extension
[ 52%] Building CXX object storage/mroonga/CMakeFiles/mroonga.dir/udf/mrn_udf_query_expand.cpp.o
[ 52%] Building CXX object storage/spider/CMakeFiles/spider.dir/spd_sys_table.cc.o
[ 52%] Building CXX object storage/spider/CMakeFiles/spider.dir/spd_trx.cc.o
[ 76%] Building CXX object extension/icu/CMakeFiles/icu_loadable_extension.dir/icu-current.cpp.o
[ 52%] Building CXX object storage/mroonga/CMakeFiles/mroonga.dir/lib/mrn_match_escalation_threshold_scope.cpp.o
[ 52%] Building CXX object storage/mroonga/CMakeFiles/mroonga.dir/lib/mrn_path_mapper.cpp.o
[ 52%] Building CXX object storage/mroonga/CMakeFiles/mroonga.dir/lib/mrn_smart_grn_obj.cpp.o
[ 52%] Building CXX object storage/mroonga/CMakeFiles/mroonga.dir/lib/mrn_index_table_name.cpp.o
[ 52%] Building CXX object storage/spider/CMakeFiles/spider.dir/spd_db_conn.cc.o
[ 76%] Building CXX object extension/icu/CMakeFiles/icu_loadable_extension.dir/icu-dateadd.cpp.o
[ 52%] Building CXX object storage/spider/CMakeFiles/spider.dir/spd_conn.cc.o
[ 52%] Building CXX object storage/mroonga/CMakeFiles/mroonga.dir/lib/mrn_index_column_name.cpp.o
[ 52%] Building CXX object storage/spider/CMakeFiles/spider.dir/spd_table.cc.o
[ 76%] Building CXX object extension/icu/CMakeFiles/icu_loadable_extension.dir/icu-datefunc.cpp.o
[ 52%] Building CXX object storage/mroonga/CMakeFiles/mroonga.dir/lib/mrn_debug_column_access.cpp.o
[ 53%] Building CXX object storage/test_sql_discovery/CMakeFiles/test_sql_discovery.dir/test_sql_discovery.cc.o
[ 53%] Linking CXX shared module ha_test_sql_discovery.so
[ 53%] Built target test_sql_discovery
[ 53%] Building CXX object storage/videx/CMakeFiles/videx.dir/videx_utils.cc.o
[ 53%] Building CXX object storage/mroonga/CMakeFiles/mroonga.dir/lib/mrn_auto_increment_value_lock.cpp.o
[ 76%] Building CXX object extension/icu/CMakeFiles/icu_loadable_extension.dir/icu-datepart.cpp.o
[ 53%] Building CXX object storage/videx/CMakeFiles/videx.dir/ha_videx.cc.o
[ 53%] Building CXX object storage/spider/CMakeFiles/spider.dir/spd_direct_sql.cc.o
[ 53%] Building CXX object storage/mroonga/CMakeFiles/mroonga.dir/lib/mrn_external_lock.cpp.o
[ 53%] Linking CXX shared module ha_videx.so
[ 53%] Built target videx
[ 53%] Building C object plugin/audit_null/CMakeFiles/audit_null.dir/audit_null.c.o
[ 53%] Linking C shared module adt_null.so
[ 53%] Built target audit_null
[ 53%] Building C object plugin/auth_ed25519/CMakeFiles/auth_ed25519.dir/server_ed25519.c.o
[ 53%] Building C object plugin/auth_ed25519/CMakeFiles/auth_ed25519.dir/ref10/fe_0.c.o
[ 53%] Building C object plugin/auth_ed25519/CMakeFiles/auth_ed25519.dir/ref10/fe_1.c.o
[ 53%] Building C object plugin/auth_ed25519/CMakeFiles/auth_ed25519.dir/ref10/fe_add.c.o
[ 53%] Building C object plugin/auth_ed25519/CMakeFiles/auth_ed25519.dir/ref10/fe_cmov.c.o
[ 53%] Building C object plugin/auth_ed25519/CMakeFiles/auth_ed25519.dir/ref10/fe_copy.c.o
[ 53%] Building C object plugin/auth_ed25519/CMakeFiles/auth_ed25519.dir/ref10/fe_frombytes.c.o
[ 53%] Building C object plugin/auth_ed25519/CMakeFiles/auth_ed25519.dir/ref10/fe_invert.c.o
[ 53%] Building C object plugin/auth_ed25519/CMakeFiles/auth_ed25519.dir/ref10/fe_isnegative.c.o
[ 53%] Building C object plugin/auth_ed25519/CMakeFiles/auth_ed25519.dir/ref10/fe_isnonzero.c.o
[ 54%] Building C object plugin/auth_ed25519/CMakeFiles/auth_ed25519.dir/ref10/fe_mul.c.o
[ 54%] Building C object plugin/auth_ed25519/CMakeFiles/auth_ed25519.dir/ref10/fe_neg.c.o
[ 54%] Building C object plugin/auth_ed25519/CMakeFiles/auth_ed25519.dir/ref10/fe_pow22523.c.o
[ 54%] Building C object plugin/auth_ed25519/CMakeFiles/auth_ed25519.dir/ref10/fe_sq.c.o
[ 54%] Building C object plugin/auth_ed25519/CMakeFiles/auth_ed25519.dir/ref10/fe_sq2.c.o
[ 54%] Building C object plugin/auth_ed25519/CMakeFiles/auth_ed25519.dir/ref10/fe_sub.c.o
[ 54%] Building C object plugin/auth_ed25519/CMakeFiles/auth_ed25519.dir/ref10/fe_tobytes.c.o
[ 54%] Building C object plugin/auth_ed25519/CMakeFiles/auth_ed25519.dir/ref10/ge_add.c.o
[ 54%] Building C object plugin/auth_ed25519/CMakeFiles/auth_ed25519.dir/ref10/ge_double_scalarmult.c.o
[ 54%] Building C object plugin/auth_ed25519/CMakeFiles/auth_ed25519.dir/ref10/ge_frombytes.c.o
[ 54%] Building C object plugin/auth_ed25519/CMakeFiles/auth_ed25519.dir/ref10/ge_madd.c.o
[ 54%] Building CXX object storage/spider/CMakeFiles/spider.dir/spd_udf.cc.o
[ 54%] Building C object plugin/auth_ed25519/CMakeFiles/auth_ed25519.dir/ref10/ge_msub.c.o
[ 54%] Building C object plugin/auth_ed25519/CMakeFiles/auth_ed25519.dir/ref10/ge_p1p1_to_p2.c.o
[ 54%] Building C object plugin/auth_ed25519/CMakeFiles/auth_ed25519.dir/ref10/ge_p1p1_to_p3.c.o
[ 54%] Building C object plugin/auth_ed25519/CMakeFiles/auth_ed25519.dir/ref10/ge_p2_0.c.o
[ 54%] Building C object plugin/auth_ed25519/CMakeFiles/auth_ed25519.dir/ref10/ge_p2_dbl.c.o
[ 54%] Building C object plugin/auth_ed25519/CMakeFiles/auth_ed25519.dir/ref10/ge_p3_0.c.o
[ 54%] Building C object plugin/auth_ed25519/CMakeFiles/auth_ed25519.dir/ref10/ge_p3_dbl.c.o
[ 54%] Building C object plugin/auth_ed25519/CMakeFiles/auth_ed25519.dir/ref10/ge_p3_to_cached.c.o
[ 54%] Building CXX object storage/spider/CMakeFiles/spider.dir/spd_ping_table.cc.o
[ 54%] Building C object plugin/auth_ed25519/CMakeFiles/auth_ed25519.dir/ref10/ge_p3_to_p2.c.o
[ 54%] Building C object plugin/auth_ed25519/CMakeFiles/auth_ed25519.dir/ref10/ge_p3_tobytes.c.o
[ 54%] Building C object plugin/auth_ed25519/CMakeFiles/auth_ed25519.dir/ref10/ge_precomp_0.c.o
[ 55%] Building C object plugin/auth_ed25519/CMakeFiles/auth_ed25519.dir/ref10/ge_scalarmult_base.c.o
[ 55%] Building C object plugin/auth_ed25519/CMakeFiles/auth_ed25519.dir/ref10/ge_sub.c.o
[ 55%] Building C object plugin/auth_ed25519/CMakeFiles/auth_ed25519.dir/ref10/ge_tobytes.c.o
[ 55%] Building C object plugin/auth_ed25519/CMakeFiles/auth_ed25519.dir/ref10/keypair.c.o
[ 55%] Building C object plugin/auth_ed25519/CMakeFiles/auth_ed25519.dir/ref10/open.c.o
[ 55%] Building C object plugin/auth_ed25519/CMakeFiles/auth_ed25519.dir/ref10/sc_muladd.c.o
[ 76%] Building CXX object extension/icu/CMakeFiles/icu_loadable_extension.dir/icu-datesub.cpp.o
[ 55%] Building C object plugin/auth_ed25519/CMakeFiles/auth_ed25519.dir/ref10/sc_reduce.c.o
[ 55%] Building C object plugin/auth_ed25519/CMakeFiles/auth_ed25519.dir/ref10/sign.c.o
[ 55%] Building C object plugin/auth_ed25519/CMakeFiles/auth_ed25519.dir/ref10/verify.c.o
[ 55%] Building CXX object storage/mroonga/CMakeFiles/mroonga.dir/lib/mrn_multiple_column_key_codec.cpp.o
[ 55%] Linking C shared module auth_ed25519.so
[ 55%] Built target auth_ed25519
[ 55%] Building CXX object storage/mroonga/CMakeFiles/mroonga.dir/lib/mrn_field_normalizer.cpp.o
[ 55%] Building CXX object storage/spider/CMakeFiles/spider.dir/spd_copy_tables.cc.o
[ 55%] Building CXX object storage/mroonga/CMakeFiles/mroonga.dir/lib/mrn_encoding.cpp.o
[ 55%] Building CXX object storage/mroonga/CMakeFiles/mroonga.dir/lib/mrn_parameters_parser.cpp.o
[ 77%] Building CXX object extension/icu/CMakeFiles/icu_loadable_extension.dir/icu-datetrunc.cpp.o
[ 55%] Building CXX object storage/mroonga/CMakeFiles/mroonga.dir/lib/mrn_lock.cpp.o
[ 55%] Building CXX object storage/spider/CMakeFiles/spider.dir/spd_i_s.cc.o
[ 55%] Building CXX object storage/mroonga/CMakeFiles/mroonga.dir/lib/mrn_condition_converter.cpp.o
[ 55%] Building CXX object storage/mroonga/CMakeFiles/mroonga.dir/lib/mrn_time_converter.cpp.o
[ 77%] Building CXX object extension/icu/CMakeFiles/icu_loadable_extension.dir/icu-makedate.cpp.o
[ 55%] Building CXX object storage/spider/CMakeFiles/spider.dir/spd_malloc.cc.o
[ 55%] Building CXX object storage/mroonga/CMakeFiles/mroonga.dir/lib/mrn_database_manager.cpp.o
[ 55%] Building CXX object storage/mroonga/CMakeFiles/mroonga.dir/lib/mrn_value_decoder.cpp.o
[ 55%] Building CXX object storage/mroonga/CMakeFiles/mroonga.dir/lib/mrn_database_repairer.cpp.o
[ 56%] Building CXX object storage/spider/CMakeFiles/spider.dir/ha_spider.cc.o
[ 77%] Building CXX object extension/icu/CMakeFiles/icu_loadable_extension.dir/icu-list-range.cpp.o
[ 56%] Building CXX object storage/mroonga/CMakeFiles/mroonga.dir/lib/mrn_context_pool.cpp.o
[ 56%] Building CXX object storage/mroonga/CMakeFiles/mroonga.dir/lib/mrn_operations.cpp.o
[ 56%] Building CXX object storage/mroonga/CMakeFiles/mroonga.dir/lib/mrn_operation.cpp.o
[ 77%] Building CXX object extension/icu/CMakeFiles/icu_loadable_extension.dir/icu-table-range.cpp.o
[ 57%] Building CXX object storage/mroonga/CMakeFiles/mroonga.dir/lib/mrn_database.cpp.o
[ 57%] Building CXX object storage/spider/CMakeFiles/spider.dir/spd_db_mysql.cc.o
[ 57%] Building CXX object storage/mroonga/CMakeFiles/mroonga.dir/lib/mrn_column_name.cpp.o
[ 57%] Building CXX object storage/spider/CMakeFiles/spider.dir/spd_group_by_handler.cc.o
[ 77%] Building CXX object extension/icu/CMakeFiles/icu_loadable_extension.dir/icu-strptime.cpp.o
[ 57%] Building CXX object storage/mroonga/CMakeFiles/mroonga.dir/lib/mrn_count_skip_checker.cpp.o
[ 57%] Building CXX object storage/spider/CMakeFiles/spider.dir/spd_db_include.cc.o
[ 77%] Building CXX object extension/json/CMakeFiles/json_loadable_extension.dir/json_reader.cpp.o
[ 57%] Building CXX object storage/mroonga/CMakeFiles/mroonga.dir/lib/mrn_query_parser.cpp.o
[ 77%] Building CXX object extension/icu/CMakeFiles/icu_loadable_extension.dir/icu-timebucket.cpp.o
[ 57%] Linking CXX shared module ha_spider.so
[ 57%] Built target spider
[ 78%] Building CXX object extension/icu/CMakeFiles/icu_loadable_extension.dir/icu-timezone.cpp.o
[ 57%] Building CXX object storage/mroonga/CMakeFiles/mroonga.dir/lib/mrn_smart_bitmap.cpp.o
[ 78%] Building CXX object extension/json/CMakeFiles/json_loadable_extension.dir/json_extension.cpp.o
[ 57%] Building CXX object storage/mroonga/CMakeFiles/mroonga.dir/lib/mrn_table_fields_offset_mover.cpp.o
[ 78%] Building CXX object extension/core_functions/CMakeFiles/core_functions_extension.dir/core_functions_extension.cpp.o
[ 78%] Linking CXX shared library icu.duckdb_extension
[ 78%] Built target icu_loadable_extension
[ 78%] Building CXX object extension/icu/CMakeFiles/icu_extension.dir/icu_extension.cpp.o
[ 78%] Building CXX object extension/json/CMakeFiles/json_loadable_extension.dir/json_common.cpp.o
[ 79%] Building CXX object extension/json/CMakeFiles/json_loadable_extension.dir/json_enums.cpp.o
[ 57%] Linking CXX shared module ha_mroonga.so
[ 57%] Built target mroonga
[ 57%] Building C object plugin/auth_examples/CMakeFiles/dialog_examples.dir/dialog_examples.c.o
[ 57%] Linking C shared module dialog_examples.so
[ 57%] Built target dialog_examples
[ 79%] Building CXX object extension/core_functions/CMakeFiles/core_functions_extension.dir/function_list.cpp.o
[ 79%] Building CXX object extension/json/CMakeFiles/json_loadable_extension.dir/json_functions.cpp.o
[ 79%] Building CXX object extension/icu/CMakeFiles/icu_extension.dir/icu-current.cpp.o
[ 79%] Building CXX object extension/icu/CMakeFiles/icu_extension.dir/icu-dateadd.cpp.o
[ 79%] Building CXX object extension/core_functions/CMakeFiles/core_functions_extension.dir/lambda_functions.cpp.o
[ 80%] Building CXX object extension/icu/CMakeFiles/icu_extension.dir/icu-datefunc.cpp.o
[ 80%] Building CXX object extension/json/CMakeFiles/json_loadable_extension.dir/json_multi_file_info.cpp.o
[ 80%] Linking CXX static library libcore_functions_extension.a
[ 80%] Building CXX object extension/icu/CMakeFiles/icu_extension.dir/icu-datepart.cpp.o
[ 80%] Built target core_functions_extension
[ 80%] Building CXX object extension/json/CMakeFiles/json_extension.dir/json_reader.cpp.o
[ 80%] Building CXX object extension/icu/CMakeFiles/icu_extension.dir/icu-datesub.cpp.o
[ 80%] Building CXX object extension/json/CMakeFiles/json_loadable_extension.dir/json_scan.cpp.o
[ 80%] Building CXX object extension/json/CMakeFiles/json_extension.dir/json_extension.cpp.o
[ 80%] Building CXX object extension/icu/CMakeFiles/icu_extension.dir/icu-datetrunc.cpp.o
[ 80%] Building CXX object extension/icu/CMakeFiles/icu_extension.dir/icu-makedate.cpp.o
[ 80%] Building CXX object extension/json/CMakeFiles/json_loadable_extension.dir/json_serializer.cpp.o
[ 80%] Building CXX object extension/json/CMakeFiles/json_extension.dir/json_common.cpp.o
[ 80%] Building CXX object extension/icu/CMakeFiles/icu_extension.dir/icu-list-range.cpp.o
[ 80%] Building CXX object extension/json/CMakeFiles/json_loadable_extension.dir/json_deserializer.cpp.o
[ 80%] Building CXX object extension/json/CMakeFiles/json_extension.dir/json_enums.cpp.o
[ 81%] Building CXX object extension/icu/CMakeFiles/icu_extension.dir/icu-table-range.cpp.o
[ 82%] Building CXX object extension/json/CMakeFiles/json_extension.dir/json_functions.cpp.o
[ 83%] Building CXX object extension/json/CMakeFiles/json_loadable_extension.dir/serialize_json.cpp.o
[ 83%] Building CXX object extension/icu/CMakeFiles/icu_extension.dir/icu-strptime.cpp.o
[ 83%] Building CXX object extension/icu/CMakeFiles/icu_extension.dir/icu-timebucket.cpp.o
[ 83%] Building CXX object extension/json/CMakeFiles/json_extension.dir/json_multi_file_info.cpp.o
[ 83%] Building CXX object extension/json/CMakeFiles/json_loadable_extension.dir/json_functions/copy_json.cpp.o
[ 83%] Building CXX object extension/icu/CMakeFiles/icu_extension.dir/icu-timezone.cpp.o
[ 57%] Building C object plugin/auth_examples/CMakeFiles/auth_test_plugin.dir/test_plugin.c.o
[ 57%] Linking C shared module auth_test_plugin.so
[ 57%] Built target auth_test_plugin
[ 57%] Building C object plugin/auth_examples/CMakeFiles/qa_auth_interface.dir/qa_auth_interface.c.o
[ 57%] Linking C shared module qa_auth_interface.so
[ 57%] Built target qa_auth_interface
[ 83%] Building CXX object extension/json/CMakeFiles/json_loadable_extension.dir/json_functions/json_array_length.cpp.o
[ 83%] Building CXX object extension/json/CMakeFiles/json_extension.dir/json_scan.cpp.o
[ 83%] Building CXX object extension/json/CMakeFiles/json_loadable_extension.dir/json_functions/json_contains.cpp.o
[ 83%] Linking CXX static library libicu_extension.a
[ 83%] Built target icu_extension
[ 83%] Building CXX object extension/parquet/CMakeFiles/parquet_extension.dir/column_reader.cpp.o
[ 83%] Building CXX object extension/json/CMakeFiles/json_loadable_extension.dir/json_functions/json_exists.cpp.o
[ 83%] Building CXX object extension/json/CMakeFiles/json_extension.dir/json_serializer.cpp.o
[ 83%] Building CXX object extension/json/CMakeFiles/json_loadable_extension.dir/json_functions/json_extract.cpp.o
[ 83%] Building CXX object extension/json/CMakeFiles/json_extension.dir/json_deserializer.cpp.o
[ 84%] Building CXX object extension/json/CMakeFiles/json_loadable_extension.dir/json_functions/json_keys.cpp.o
[ 84%] Building CXX object extension/json/CMakeFiles/json_loadable_extension.dir/json_functions/json_merge_patch.cpp.o
[ 84%] Building CXX object extension/json/CMakeFiles/json_extension.dir/serialize_json.cpp.o
[ 84%] Building CXX object extension/parquet/CMakeFiles/parquet_extension.dir/column_writer.cpp.o
[ 84%] Building CXX object extension/json/CMakeFiles/json_loadable_extension.dir/json_functions/json_pretty.cpp.o
[ 85%] Building CXX object extension/json/CMakeFiles/json_extension.dir/json_functions/copy_json.cpp.o
[ 85%] Building CXX object extension/json/CMakeFiles/json_loadable_extension.dir/json_functions/json_table_in_out.cpp.o
[ 85%] Building CXX object extension/json/CMakeFiles/json_loadable_extension.dir/json_functions/json_structure.cpp.o
[ 85%] Building CXX object extension/json/CMakeFiles/json_loadable_extension.dir/json_functions/json_transform.cpp.o
[ 85%] Building CXX object extension/json/CMakeFiles/json_extension.dir/json_functions/json_array_length.cpp.o
[ 85%] Building CXX object extension/parquet/CMakeFiles/parquet_extension.dir/parquet_crypto.cpp.o
[ 86%] Building CXX object extension/json/CMakeFiles/json_loadable_extension.dir/json_functions/json_create.cpp.o
[ 86%] Building CXX object extension/json/CMakeFiles/json_extension.dir/json_functions/json_contains.cpp.o
[ 86%] Building CXX object extension/json/CMakeFiles/json_loadable_extension.dir/json_functions/json_type.cpp.o
[ 86%] Building CXX object extension/json/CMakeFiles/json_extension.dir/json_functions/json_exists.cpp.o
[ 86%] Building CXX object extension/json/CMakeFiles/json_loadable_extension.dir/json_functions/json_valid.cpp.o
[ 87%] Building CXX object extension/parquet/CMakeFiles/parquet_extension.dir/parquet_extension.cpp.o
[ 87%] Building CXX object extension/json/CMakeFiles/json_loadable_extension.dir/json_functions/json_value.cpp.o
[ 87%] Building CXX object extension/json/CMakeFiles/json_loadable_extension.dir/json_functions/json_serialize_sql.cpp.o
[ 87%] Building CXX object extension/json/CMakeFiles/json_extension.dir/json_functions/json_extract.cpp.o
[ 87%] Building CXX object extension/json/CMakeFiles/json_loadable_extension.dir/json_functions/json_serialize_plan.cpp.o
[ 87%] Building CXX object extension/parquet/CMakeFiles/parquet_extension.dir/parquet_file_metadata_cache.cpp.o
[ 88%] Building CXX object extension/json/CMakeFiles/json_loadable_extension.dir/json_functions/read_json.cpp.o
[ 88%] Building CXX object extension/json/CMakeFiles/json_extension.dir/json_functions/json_keys.cpp.o
[ 88%] Building CXX object extension/json/CMakeFiles/json_loadable_extension.dir/json_functions/read_json_objects.cpp.o
[ 88%] Building CXX object extension/parquet/CMakeFiles/parquet_extension.dir/parquet_float16.cpp.o
[ 89%] Building CXX object extension/json/CMakeFiles/json_extension.dir/json_functions/json_merge_patch.cpp.o
[ 89%] Building CXX object extension/parquet/CMakeFiles/parquet_extension.dir/parquet_multi_file_info.cpp.o
[ 89%] Building CXX object extension/parquet/CMakeFiles/parquet_extension.dir/parquet_metadata.cpp.o
[ 89%] Linking CXX shared library json.duckdb_extension
[ 89%] Built target json_loadable_extension
[ 90%] Building CXX object extension/parquet/CMakeFiles/parquet_extension.dir/parquet_reader.cpp.o
[ 90%] Building CXX object extension/json/CMakeFiles/json_extension.dir/json_functions/json_pretty.cpp.o
[ 90%] Building CXX object extension/json/CMakeFiles/json_extension.dir/json_functions/json_table_in_out.cpp.o
[ 90%] Building CXX object extension/parquet/CMakeFiles/parquet_extension.dir/parquet_field_id.cpp.o
[ 90%] Building CXX object extension/parquet/CMakeFiles/parquet_extension.dir/parquet_statistics.cpp.o
[ 90%] Building CXX object extension/parquet/CMakeFiles/parquet_extension.dir/parquet_timestamp.cpp.o
[ 90%] Building CXX object extension/parquet/CMakeFiles/parquet_extension.dir/parquet_writer.cpp.o
[ 90%] Building CXX object extension/json/CMakeFiles/json_extension.dir/json_functions/json_structure.cpp.o
[ 90%] Building CXX object extension/parquet/CMakeFiles/parquet_extension.dir/parquet_shredding.cpp.o
[ 91%] Building CXX object extension/parquet/CMakeFiles/parquet_extension.dir/parquet_column_schema.cpp.o
[ 91%] Building CXX object extension/parquet/CMakeFiles/parquet_extension.dir/parquet_geometry.cpp.o
[ 91%] Building CXX object extension/parquet/CMakeFiles/parquet_extension.dir/serialize_parquet.cpp.o
[ 91%] Building CXX object extension/parquet/CMakeFiles/parquet_extension.dir/zstd_file_system.cpp.o
[ 91%] Building CXX object extension/parquet/CMakeFiles/parquet_extension.dir/__/__/third_party/parquet/parquet_types.cpp.o
[ 91%] Building CXX object extension/json/CMakeFiles/json_extension.dir/json_functions/json_transform.cpp.o
[ 91%] Building CXX object extension/parquet/CMakeFiles/parquet_extension.dir/__/__/third_party/thrift/thrift/protocol/TProtocol.cpp.o
[ 92%] Building CXX object extension/parquet/CMakeFiles/parquet_extension.dir/__/__/third_party/thrift/thrift/transport/TTransportException.cpp.o
[ 92%] Building CXX object extension/parquet/CMakeFiles/parquet_extension.dir/__/__/third_party/thrift/thrift/transport/TBufferTransports.cpp.o
[ 92%] Building CXX object extension/parquet/CMakeFiles/parquet_extension.dir/__/__/third_party/snappy/snappy.cc.o
[ 92%] Building CXX object extension/parquet/CMakeFiles/parquet_extension.dir/__/__/third_party/snappy/snappy-sinksource.cc.o
[ 92%] Building CXX object extension/parquet/CMakeFiles/parquet_extension.dir/__/__/third_party/lz4/lz4.cpp.o
[ 92%] Building CXX object extension/parquet/CMakeFiles/parquet_extension.dir/__/__/third_party/brotli/enc/dictionary_hash.cpp.o
[ 93%] Building CXX object extension/parquet/CMakeFiles/parquet_extension.dir/__/__/third_party/brotli/enc/backward_references_hq.cpp.o
[ 93%] Building CXX object extension/parquet/CMakeFiles/parquet_extension.dir/__/__/third_party/brotli/enc/histogram.cpp.o
[ 93%] Building CXX object extension/parquet/CMakeFiles/parquet_extension.dir/__/__/third_party/brotli/enc/memory.cpp.o
[ 93%] Building CXX object extension/parquet/CMakeFiles/parquet_extension.dir/__/__/third_party/brotli/enc/entropy_encode.cpp.o
[ 93%] Building CXX object extension/parquet/CMakeFiles/parquet_extension.dir/__/__/third_party/brotli/enc/compound_dictionary.cpp.o
[ 93%] Building CXX object extension/parquet/CMakeFiles/parquet_extension.dir/__/__/third_party/brotli/enc/compress_fragment_two_pass.cpp.o
[ 94%] Building CXX object extension/parquet/CMakeFiles/parquet_extension.dir/__/__/third_party/brotli/enc/block_splitter.cpp.o
[ 94%] Building CXX object extension/parquet/CMakeFiles/parquet_extension.dir/__/__/third_party/brotli/enc/command.cpp.o
[ 94%] Building CXX object extension/parquet/CMakeFiles/parquet_extension.dir/__/__/third_party/brotli/enc/encode.cpp.o
[ 94%] Building CXX object extension/parquet/CMakeFiles/parquet_extension.dir/__/__/third_party/brotli/enc/encoder_dict.cpp.o
[ 94%] Building CXX object extension/parquet/CMakeFiles/parquet_extension.dir/__/__/third_party/brotli/enc/cluster.cpp.o
[ 94%] Building CXX object extension/parquet/CMakeFiles/parquet_extension.dir/__/__/third_party/brotli/enc/backward_references.cpp.o
[ 94%] Building CXX object extension/json/CMakeFiles/json_extension.dir/json_functions/json_create.cpp.o
[ 95%] Building CXX object extension/parquet/CMakeFiles/parquet_extension.dir/__/__/third_party/brotli/enc/utf8_util.cpp.o
[ 95%] Building CXX object extension/parquet/CMakeFiles/parquet_extension.dir/__/__/third_party/brotli/enc/compress_fragment.cpp.o
[ 95%] Building CXX object extension/parquet/CMakeFiles/parquet_extension.dir/__/__/third_party/brotli/enc/fast_log.cpp.o
[ 95%] Building CXX object extension/parquet/CMakeFiles/parquet_extension.dir/__/__/third_party/brotli/enc/brotli_bit_stream.cpp.o
[ 95%] Building CXX object extension/parquet/CMakeFiles/parquet_extension.dir/__/__/third_party/brotli/enc/bit_cost.cpp.o
[ 96%] Building CXX object extension/json/CMakeFiles/json_extension.dir/json_functions/json_type.cpp.o
[ 97%] Building CXX object extension/parquet/CMakeFiles/parquet_extension.dir/__/__/third_party/brotli/enc/static_dict.cpp.o
[ 97%] Building CXX object extension/parquet/CMakeFiles/parquet_extension.dir/__/__/third_party/brotli/enc/literal_cost.cpp.o
[ 97%] Building CXX object extension/parquet/CMakeFiles/parquet_extension.dir/__/__/third_party/brotli/enc/metablock.cpp.o
[ 97%] Building CXX object extension/parquet/CMakeFiles/parquet_extension.dir/__/__/third_party/brotli/common/dictionary.cpp.o
[ 97%] Building CXX object extension/parquet/CMakeFiles/parquet_extension.dir/__/__/third_party/brotli/common/constants.cpp.o
[ 97%] Building CXX object extension/parquet/CMakeFiles/parquet_extension.dir/__/__/third_party/brotli/common/transform.cpp.o
[ 98%] Building CXX object extension/parquet/CMakeFiles/parquet_extension.dir/__/__/third_party/brotli/common/platform.cpp.o
[ 98%] Building CXX object extension/parquet/CMakeFiles/parquet_extension.dir/__/__/third_party/brotli/common/shared_dictionary.cpp.o
[ 98%] Building CXX object extension/parquet/CMakeFiles/parquet_extension.dir/__/__/third_party/brotli/common/context.cpp.o
[ 98%] Building CXX object extension/parquet/CMakeFiles/parquet_extension.dir/__/__/third_party/brotli/dec/state.cpp.o
[ 98%] Building CXX object extension/parquet/CMakeFiles/parquet_extension.dir/__/__/third_party/brotli/dec/decode.cpp.o
[ 98%] Building CXX object extension/parquet/CMakeFiles/parquet_extension.dir/__/__/third_party/brotli/dec/huffman.cpp.o
[ 99%] Building CXX object extension/parquet/CMakeFiles/parquet_extension.dir/__/__/third_party/brotli/dec/bit_reader.cpp.o
[ 99%] repository
[ 99%] Built target duckdb_local_extension_repo
[ 57%] Building C object plugin/auth_examples/CMakeFiles/qa_auth_server.dir/qa_auth_server.c.o
[ 57%] Linking C shared module qa_auth_server.so
[ 57%] Built target qa_auth_server
[ 58%] Building C object plugin/auth_examples/CMakeFiles/qa_auth_client.dir/qa_auth_client.c.o
[ 58%] Linking C shared module qa_auth_client.so
[ 58%] Built target qa_auth_client
[ 58%] Building C object plugin/auth_examples/CMakeFiles/auth_0x0100.dir/auth_0x0100.c.o
[ 58%] Linking C shared module auth_0x0100.so
[ 58%] Built target auth_0x0100
[ 58%] Building CXX object plugin/auth_gssapi/CMakeFiles/auth_gssapi.dir/server_plugin.cc.o
[ 58%] Building CXX object plugin/auth_gssapi/CMakeFiles/auth_gssapi.dir/gssapi_server.cc.o
[ 58%] Building CXX object plugin/auth_gssapi/CMakeFiles/auth_gssapi.dir/gssapi_errmsg.cc.o
[ 58%] Linking CXX shared module auth_gssapi.so
[ 58%] Built target auth_gssapi
[ 58%] Building C object plugin/auth_mysql_sha2/CMakeFiles/auth_mysql_sha2.dir/mysql_sha2.c.o
[ 58%] Building C object plugin/auth_mysql_sha2/CMakeFiles/auth_mysql_sha2.dir/sha256crypt.c.o
[ 58%] Building C object plugin/auth_mysql_sha2/CMakeFiles/auth_mysql_sha2.dir/ssl_stuff.c.o
[ 99%] Linking CXX static library libparquet_extension.a
[ 58%] Building C object plugin/auth_mysql_sha2/CMakeFiles/auth_mysql_sha2.dir/openssl1-compat.c.o
[ 59%] Linking C shared module auth_mysql_sha2.so
[ 99%] Built target parquet_extension
[ 59%] Built target auth_mysql_sha2
[ 99%] Building CXX object extension/json/CMakeFiles/json_extension.dir/json_functions/json_valid.cpp.o
[ 59%] Building C object plugin/auth_pam/CMakeFiles/auth_pam_v1.dir/auth_pam_v1.c.o
[ 59%] Linking C shared module auth_pam_v1.so
[ 59%] Built target auth_pam_v1
[ 59%] Building C object plugin/auth_pam/CMakeFiles/auth_pam.dir/auth_pam.c.o
[ 59%] Linking C shared module auth_pam.so
[ 59%] Built target auth_pam
[ 59%] Building CXX object plugin/auth_parsec/CMakeFiles/auth_parsec.dir/server_parsec.cc.o
[ 59%] Linking CXX shared module auth_parsec.so
[ 59%] Built target auth_parsec
[ 59%] Building C object plugin/cracklib_password_check/CMakeFiles/cracklib_password_check.dir/cracklib_password_check.c.o
[ 99%] Building CXX object extension/json/CMakeFiles/json_extension.dir/json_functions/json_value.cpp.o
[ 59%] Linking C shared module cracklib_password_check.so
[ 59%] Built target cracklib_password_check
[ 59%] Building CXX object plugin/daemon_example/CMakeFiles/daemon_example.dir/daemon_example.cc.o
[ 59%] Linking CXX shared module libdaemon_example.so
[ 59%] Built target daemon_example
[ 59%] Building CXX object plugin/debug_key_management/CMakeFiles/debug_key_management.dir/debug_key_management_plugin.cc.o
[ 59%] Linking CXX shared module debug_key_management.so
[ 59%] Built target debug_key_management
[ 59%] Building CXX object plugin/disks/CMakeFiles/disks.dir/information_schema_disks.cc.o
[ 99%] Building CXX object extension/json/CMakeFiles/json_extension.dir/json_functions/json_serialize_sql.cpp.o
[ 59%] Linking CXX shared module disks.so
[ 59%] Built target disks
[ 59%] Building CXX object plugin/example_key_management/CMakeFiles/example_key_management.dir/example_key_management_plugin.cc.o
[ 59%] Linking CXX shared module example_key_management.so
[ 59%] Built target example_key_management
[ 59%] Building CXX object plugin/file_key_management/CMakeFiles/file_key_management.dir/file_key_management_plugin.cc.o
[ 99%] Building CXX object extension/json/CMakeFiles/json_extension.dir/json_functions/json_serialize_plan.cpp.o
[ 59%] Building CXX object plugin/file_key_management/CMakeFiles/file_key_management.dir/parser.cc.o
[ 59%] Linking CXX shared module file_key_management.so
[ 59%] Built target file_key_management
[ 59%] Building C object plugin/fulltext/CMakeFiles/ftexample.dir/plugin_example.c.o
[ 59%] Linking C shared module mypluglib.so
[ 59%] Built target ftexample
[ 59%] Building CXX object plugin/func_test/CMakeFiles/func_test.dir/plugin.cc.o
[100%] Building CXX object extension/json/CMakeFiles/json_extension.dir/json_functions/read_json.cpp.o
[100%] Building CXX object extension/json/CMakeFiles/json_extension.dir/json_functions/read_json_objects.cpp.o
[ 59%] Linking CXX shared module func_test.so
[ 59%] Built target func_test
[ 59%] Building CXX object plugin/handler_socket/CMakeFiles/handlersocket.dir/handlersocket/database.cpp.o
[ 59%] Building CXX object plugin/hashicorp_key_management/CMakeFiles/hashicorp_key_management.dir/hashicorp_key_management_plugin.cc.o
[ 59%] Linking CXX shared module hashicorp_key_management.so
[ 59%] Built target hashicorp_key_management
[ 59%] Building CXX object plugin/locale_info/CMakeFiles/locales.dir/locale_info.cc.o
[ 59%] Building CXX object plugin/metadata_lock_info/CMakeFiles/metadata_lock_info.dir/metadata_lock_info.cc.o
[100%] Linking CXX static library libjson_extension.a
[100%] Built target json_extension
[100%] Linking CXX shared library libduckdb.so
[ 59%] Building CXX object plugin/handler_socket/CMakeFiles/handlersocket.dir/handlersocket/handlersocket.cpp.o
[ 59%] Linking CXX shared module locales.so
[ 59%] Built target locales
[ 59%] Building C object plugin/password_reuse_check/CMakeFiles/password_reuse_check.dir/password_reuse_check.c.o
[ 59%] Linking C shared module password_reuse_check.so
[ 59%] Built target password_reuse_check
[ 59%] Building C object plugin/provider_bzip2/CMakeFiles/provider_bzip2.dir/plugin.c.o
[ 59%] Linking C shared module provider_bzip2.so
[100%] Built target duckdb
[ 59%] Built target provider_bzip2
[ 59%] No install step for 'duckdb_build'
[ 59%] Building C object plugin/provider_lz4/CMakeFiles/provider_lz4.dir/plugin.c.o
[ 59%] Completed 'duckdb_build'
[ 59%] Linking C shared module provider_lz4.so
[ 59%] Built target duckdb_build
[ 59%] Built target provider_lz4
[ 59%] Building C object plugin/provider_lzma/CMakeFiles/provider_lzma.dir/plugin.c.o
[ 59%] Building C object plugin/provider_lzo/CMakeFiles/provider_lzo.dir/plugin.c.o
[ 59%] Linking C shared module provider_lzma.so
[ 59%] Linking C shared module provider_lzo.so
[ 59%] Built target provider_lzma
[ 59%] Built target provider_lzo
[ 59%] Building C object plugin/provider_snappy/CMakeFiles/provider_snappy.dir/plugin.c.o
[ 59%] Building CXX object plugin/qc_info/CMakeFiles/query_cache_info.dir/qc_info.cc.o
[ 59%] Linking C shared module provider_snappy.so
[ 59%] Built target provider_snappy
[ 59%] Building CXX object plugin/query_response_time/CMakeFiles/query_response_time.dir/query_response_time.cc.o
[ 59%] Linking CXX shared module metadata_lock_info.so
[ 59%] Built target metadata_lock_info
[ 59%] Building CXX object plugin/server_audit/CMakeFiles/server_audit.dir/server_audit.cc.o
[ 59%] Building CXX object plugin/query_response_time/CMakeFiles/query_response_time.dir/plugin.cc.o
[ 59%] Linking CXX shared module server_audit.so
[ 59%] Built target server_audit
[ 59%] Building C object plugin/simple_password_check/CMakeFiles/simple_password_check.dir/simple_password_check.c.o
[ 59%] Linking C shared module simple_password_check.so
[ 59%] Built target simple_password_check
[ 59%] Building C object plugin/sql_errlog/CMakeFiles/sql_errlog.dir/sql_errlog.c.o
[ 59%] Linking C shared module sql_errlog.so
[ 59%] Built target sql_errlog
[ 59%] Building C object plugin/test_sql_service/CMakeFiles/test_sql_service.dir/test_sql_service.c.o
[ 59%] Building CXX object plugin/handler_socket/CMakeFiles/handlersocket.dir/handlersocket/hstcpsvr_worker.cpp.o
[ 59%] Linking C shared module test_sql_service.so
[ 59%] Built target test_sql_service
[ 59%] Building CXX object plugin/type_mysql_json/CMakeFiles/type_mysql_json.dir/mysql_json.cc.o
[ 59%] Building CXX object plugin/type_mysql_json/CMakeFiles/type_mysql_json.dir/type.cc.o
[ 59%] Linking CXX shared module query_cache_info.so
[ 59%] Built target query_cache_info
[ 59%] Building CXX object plugin/type_mysql_timestamp/CMakeFiles/type_mysql_timestamp.dir/plugin.cc.o
[ 59%] Building CXX object plugin/handler_socket/CMakeFiles/handlersocket.dir/handlersocket/hstcpsvr.cpp.o
[ 59%] Linking CXX shared module type_mysql_json.so
[ 59%] Built target type_mysql_json
[ 59%] Building CXX object plugin/type_test/CMakeFiles/type_test.dir/plugin.cc.o
[ 59%] Linking CXX shared module handlersocket.so
[ 59%] Built target handlersocket
[ 59%] Building CXX object plugin/versioning/CMakeFiles/test_versioning.dir/versioning.cc.o
[ 59%] Linking CXX shared module query_response_time.so
[ 59%] Built target query_response_time
[ 59%] Building CXX object plugin/wsrep_info/CMakeFiles/wsrep_info.dir/plugin.cc.o
[ 60%] Linking CXX shared module type_mysql_timestamp.so
[ 60%] Built target type_mysql_timestamp
[ 60%] Building CXX object client/CMakeFiles/mariadb.dir/completion_hash.cc.o
[ 60%] Building CXX object client/CMakeFiles/mariadb.dir/mysql.cc.o
[ 60%] Linking CXX shared module type_test.so
[ 60%] Built target type_test
[ 60%] Building CXX object client/CMakeFiles/mariadb-test.dir/mysqltest.cc.o
[ 61%] Building CXX object client/CMakeFiles/mariadb.dir/readline.cc.o
[ 61%] Linking CXX shared module wsrep_info.so
[ 61%] Built target wsrep_info
[ 61%] Building C object client/CMakeFiles/mariadb-check.dir/mysqlcheck.c.o
[ 61%] Linking CXX shared module test_versioning.so
[ 61%] Building CXX object client/CMakeFiles/mariadb.dir/__/sql/sql_string.cc.o
[ 61%] Built target test_versioning
[ 61%] Building CXX object client/CMakeFiles/mariadb-dump.dir/mysqldump.cc.o
[ 61%] Linking CXX executable mariadb-check
Creating mysqlcheck link
[ 61%] Built target mariadb-check
[ 61%] Building CXX object client/CMakeFiles/mariadb-import.dir/mysqlimport.cc.o
[ 61%] Linking CXX executable mariadb
Creating mysql link
[ 61%] Built target mariadb
[ 61%] Building C object client/CMakeFiles/mariadb-upgrade.dir/mysql_upgrade.c.o
[ 62%] Linking CXX executable mariadb-upgrade
Creating mysql_upgrade link
[ 62%] Built target mariadb-upgrade
[ 62%] Building C object client/CMakeFiles/mariadb-show.dir/mysqlshow.c.o
[ 62%] Linking CXX executable mariadb-show
Creating mysqlshow link
[ 62%] Built target mariadb-show
[ 62%] Building C object client/CMakeFiles/mariadb-plugin.dir/mysql_plugin.c.o
[ 62%] Building C object client/CMakeFiles/mariadb-dump.dir/__/sql-common/my_user.c.o
[ 62%] Linking CXX executable mariadb-plugin
[ 63%] Building CXX object client/CMakeFiles/mariadb-dump.dir/connection_pool.cc.o
Creating mysql_plugin link
[ 63%] Built target mariadb-plugin
[ 63%] Building CXX object client/CMakeFiles/mariadb-binlog.dir/mysqlbinlog.cc.o
[ 63%] Building CXX object client/CMakeFiles/mariadb-test.dir/__/sql/sql_string.cc.o
[ 63%] Linking CXX executable mariadb-dump
Creating mysqldump link
[ 63%] Built target mariadb-dump
[ 63%] Building CXX object client/CMakeFiles/mariadb-admin.dir/mysqladmin.cc.o
[ 63%] Linking CXX executable mariadb-import
Creating mysqlimport link
[ 63%] Built target mariadb-import
[ 63%] Building C object client/CMakeFiles/mariadb-slap.dir/mysqlslap.c.o
[ 63%] Linking CXX executable mariadb-test
[ 63%] Building C object client/CMakeFiles/mariadb-admin.dir/__/sql/password.c.o
Creating mysqltest link
[ 63%] Built target mariadb-test
[ 63%] Building C object client/CMakeFiles/async_example.dir/async_example.c.o
[ 63%] Linking CXX executable async_example
[ 63%] Linking CXX executable mariadb-admin
[ 63%] Built target async_example
[ 63%] Linking CXX executable mariadb-slap
[ 63%] Building C object tests/CMakeFiles/mariadb-client-test.dir/mysql_client_test.c.o
Creating mysqladmin link
[ 63%] Built target mariadb-admin
[ 63%] Building C object tests/CMakeFiles/async_queries.dir/async_queries.c.o
Creating mysqlslap link
[ 63%] Built target mariadb-slap
[ 63%] Building C object extra/CMakeFiles/perror.dir/perror.c.o
[ 63%] Linking CXX executable async_queries
[ 63%] Linking CXX executable perror
[ 63%] Built target async_queries
[ 63%] Building CXX object extra/CMakeFiles/innochecksum.dir/innochecksum.cc.o
[ 63%] Built target perror
[ 63%] Building CXX object extra/CMakeFiles/innochecksum.dir/__/storage/innobase/buf/buf0checksum.cc.o
[ 63%] Building CXX object extra/CMakeFiles/innochecksum.dir/__/storage/innobase/ut/ut0ut.cc.o
[ 63%] Building CXX object extra/CMakeFiles/innochecksum.dir/__/storage/innobase/buf/buf0buf.cc.o
[ 63%] Building CXX object extra/CMakeFiles/innochecksum.dir/__/storage/innobase/page/page0zip.cc.o
[ 63%] Building CXX object extra/CMakeFiles/innochecksum.dir/__/storage/innobase/fil/fil0crypt.cc.o
[ 63%] Building CXX object client/CMakeFiles/mariadb-binlog.dir/mysqlbinlog-engine.cc.o
[ 64%] Linking CXX executable innochecksum
[ 64%] Built target innochecksum
[ 64%] Building CXX object tpool/CMakeFiles/tpool.dir/aio_linux.cc.o
[ 64%] Building CXX object tpool/CMakeFiles/tpool.dir/aio_simulated.cc.o
[ 64%] Building CXX object tpool/CMakeFiles/tpool.dir/aio_liburing.cc.o
[ 64%] Building CXX object tpool/CMakeFiles/tpool.dir/aio_libaio.cc.o
[ 64%] Building C object storage/archive/CMakeFiles/archive.dir/azio.c.o
[ 64%] Linking CXX static library libtpool.a
[ 64%] Built target tpool
[ 64%] Building CXX object storage/blackhole/CMakeFiles/blackhole.dir/ha_blackhole.cc.o
[ 64%] Building CXX object storage/archive/CMakeFiles/archive.dir/ha_archive.cc.o
[ 64%] Linking CXX executable mariadb-binlog
Creating mysqlbinlog link
[ 64%] Built target mariadb-binlog
[ 64%] Building CXX object storage/connect/CMakeFiles/connect.dir/ha_connect.cc.o
In file included from /usr/local/src/mariadb-12.3.3/storage/connect/ha_connect.cc:129:
/usr/local/src/mariadb-12.3.3/storage/connect/cmgoconn.h:9:10: fatal error: bcon.h: No such file or directory
    9 | #include <bcon.h>
      |          ^~~~~~~~
compilation terminated.
make[2]: *** [storage/connect/CMakeFiles/connect.dir/build.make:76: storage/connect/CMakeFiles/connect.dir/ha_connect.cc.o] Error 1
make[1]: *** [CMakeFiles/Makefile2:3499: storage/connect/CMakeFiles/connect.dir/all] Error 2
make[1]: *** Waiting for unfinished jobs....
[ 64%] Linking CXX executable mariadb-client-test
Creating mysql_client_test link
[ 64%] Built target mariadb-client-test
[ 64%] Linking CXX shared module ha_archive.so
[ 64%] Built target archive
[ 64%] Linking CXX shared module ha_blackhole.so
[ 64%] Built target blackhole
make: *** [Makefile:156: all] Error 2
root@hvectordb1233:/usr/local/src/mariadb-12.3.3/build_tmp_dir#
